user_id,signup_date,subscription_tier,company_size,industry,country,is_active
USR_0001,2025-06-14,Enterprise,51-200,Healthcare,USA,True
USR_0002,2025-08-26,Pro,11-50,Financial Services,France,True
USR_0003,2025-01-19,Pro,1-10,Healthcare,Germany,True
USR_0004,2025-09-05,Free,11-50,Government,USA,False
USR_0005,2025-07-21,Free,11-50,Manufacturing,Japan,True
USR_0006,2024-09-17,Basic,11-50,Marketing Agency,Brazil,False
USR_0007,2024-11-13,Free,1-10,E-commerce,USA,True
USR_0008,2025-03-21,Pro,1-10,Tech Startup,USA,True
USR_0009,2025-07-01,Basic,11-50,Education,USA,False
USR_0010,2025-05-22,Free,201-1000,Financial Services,Germany,True
USR_0011,2024-01-30,Pro,51-200,Healthcare,Germany,False
USR_0012,2025-03-22,Free,1-10,Tech Startup,USA,True
USR_0013,2025-06-08,Free,1-10,Consulting Firm,France,True
USR_0014,2024-12-15,Free,11-50,Non-profit,Brazil,False
USR_0015,2025-05-22,Free,11-50,Financial Services,France,True
USR_0016,2025-07-10,Basic,11-50,Consulting Firm,Australia,True
USR_0017,2024-12-15,Basic,11-50,Government,USA,True
USR_0018,2025-08-31,Basic,11-50,E-commerce,India,True
USR_0019,2025-06-03,Pro,1-10,Manufacturing,USA,True
USR_0020,2024-05-16,Pro,11-50,Education,UK,True
USR_0021,2025-06-01,Pro,11-50,Manufacturing,India,True
USR_0022,2025-08-16,Free,11-50,E-commerce,Canada,True
USR_0023,2025-08-05,Basic,11-50,Tech Startup,USA,True
USR_0024,2024-04-09,Free,11-50,Non-profit,Canada,True
USR_0025,2025-07-16,Free,51-200,Consulting Firm,USA,True
USR_0026,2025-08-30,Basic,11-50,Education,USA,True
USR_0027,2025-03-09,Basic,11-50,Government,Japan,True
USR_0028,2025-02-18,Pro,1-10,Education,Canada,True
USR_0029,2025-03-10,Basic,1-10,Tech Startup,USA,True
USR_0030,2025-02-04,Pro,11-50,E-commerce,USA,True
USR_0031,2025-07-22,Basic,1-10,Tech Startup,Canada,True
USR_0032,2024-10-14,Basic,51-200,Marketing Agency,Brazil,False
USR_0033,2025-07-15,Basic,51-200,Non-profit,UK,True
USR_0034,2023-09-07,Enterprise,11-50,Manufacturing,USA,True
USR_0035,2025-01-16,Pro,201-1000,Financial Services,India,False
USR_0036,2024-04-30,Pro,51-200,Consulting Firm,Canada,False
USR_0037,2023-11-22,Free,11-50,Marketing Agency,France,True
USR_0038,2025-07-23,Pro,1-10,Healthcare,USA,True
USR_0039,2025-01-04,Pro,11-50,Consulting Firm,Germany,True
USR_0040,2025-03-30,Enterprise,11-50,Financial Services,Germany,False
USR_0041,2025-05-04,Basic,11-50,Healthcare,USA,True
USR_0042,2025-04-06,Pro,1-10,Healthcare,India,True
USR_0043,2024-03-05,Free,11-50,Consulting Firm,Japan,True
USR_0044,2025-07-03,Free,1-10,Consulting Firm,USA,True
USR_0045,2024-04-29,Basic,11-50,Financial Services,USA,True
USR_0046,2025-06-18,Free,1-10,Government,Australia,True
USR_0047,2025-01-31,Free,1-10,Manufacturing,Canada,True
USR_0048,2025-03-20,Free,1-10,E-commerce,India,True
USR_0049,2025-01-31,Pro,201-1000,Manufacturing,USA,True
USR_0050,2025-05-25,Basic,11-50,Government,UK,True
USR_0051,2025-03-29,Free,1-10,Education,USA,True
USR_0052,2025-06-27,Pro,1-10,Healthcare,UK,False
USR_0053,2025-07-29,Basic,51-200,Financial Services,France,False
USR_0054,2025-04-29,Free,51-200,Consulting Firm,UK,True
USR_0055,2025-09-02,Enterprise,51-200,Non-profit,France,True
USR_0056,2024-06-19,Basic,1-10,Education,France,True
USR_0057,2025-07-09,Enterprise,51-200,Healthcare,Germany,True
USR_0058,2025-07-17,Free,51-200,Non-profit,USA,True
USR_0059,2025-08-19,Free,1000+,Healthcare,UK,True
USR_0060,2025-05-07,Basic,1-10,Healthcare,Canada,True
USR_0061,2025-03-09,Free,11-50,Government,Brazil,True
USR_0062,2025-04-20,Basic,11-50,Manufacturing,Brazil,False
USR_0063,2025-03-08,Pro,51-200,Consulting Firm,Germany,True
USR_0064,2025-04-17,Pro,11-50,Tech Startup,France,True
USR_0065,2025-07-11,Free,11-50,Consulting Firm,Germany,True
USR_0066,2025-02-26,Free,51-200,Marketing Agency,USA,True
USR_0067,2025-02-06,Free,201-1000,Financial Services,Australia,False
USR_0068,2025-07-09,Free,51-200,Consulting Firm,Japan,True
USR_0069,2025-06-14,Pro,11-50,Healthcare,USA,True
USR_0070,2025-01-07,Free,11-50,Tech Startup,UK,False
USR_0071,2025-06-29,Pro,11-50,Non-profit,India,True
USR_0072,2024-02-19,Basic,11-50,Government,Germany,True
USR_0073,2025-07-06,Free,51-200,E-commerce,Brazil,False
USR_0074,2025-08-16,Pro,1000+,Government,UK,False
USR_0075,2025-06-20,Free,1-10,Government,India,False
USR_0076,2024-10-13,Basic,1-10,Non-profit,India,True
USR_0077,2025-08-22,Free,1000+,Tech Startup,India,True
USR_0078,2024-07-04,Basic,11-50,Consulting Firm,Australia,True
USR_0079,2025-05-30,Pro,1-10,Consulting Firm,USA,True
USR_0080,2025-04-07,Pro,51-200,Non-profit,Australia,True
USR_0081,2025-07-19,Basic,11-50,Non-profit,India,True
USR_0082,2024-01-21,Free,1000+,Healthcare,USA,False
USR_0083,2024-06-11,Free,51-200,Non-profit,UK,True
USR_0084,2025-02-04,Basic,11-50,Education,Canada,True
USR_0085,2024-06-19,Enterprise,1-10,Education,UK,True
USR_0086,2025-07-10,Free,11-50,Government,USA,True
USR_0087,2025-06-18,Free,11-50,Tech Startup,USA,True
USR_0088,2025-03-24,Free,1-10,Consulting Firm,India,False
USR_0089,2025-01-16,Basic,11-50,Financial Services,India,True
USR_0090,2025-08-05,Basic,51-200,Marketing Agency,Japan,True
USR_0091,2025-03-28,Free,1000+,Tech Startup,India,True
USR_0092,2025-06-02,Free,1-10,Education,France,True
USR_0093,2024-12-31,Pro,11-50,Healthcare,Brazil,False
USR_0094,2025-07-17,Basic,1-10,Consulting Firm,USA,True
USR_0095,2024-08-23,Pro,1-10,Financial Services,USA,True
USR_0096,2025-05-13,Pro,11-50,Tech Startup,Germany,True
USR_0097,2024-08-26,Basic,1-10,Manufacturing,Australia,True
USR_0098,2025-01-30,Free,1-10,Marketing Agency,Canada,True
USR_0099,2025-06-09,Basic,201-1000,E-commerce,UK,True
USR_0100,2024-06-29,Free,11-50,Tech Startup,Brazil,True
USR_0101,2024-05-24,Basic,1-10,Financial Services,USA,True
USR_0102,2025-06-21,Free,11-50,Consulting Firm,UK,True
USR_0103,2025-04-01,Basic,51-200,E-commerce,USA,True
USR_0104,2024-07-24,Basic,51-200,Marketing Agency,Germany,True
USR_0105,2024-10-31,Free,11-50,Education,USA,True
USR_0106,2025-05-18,Free,11-50,Government,France,True
USR_0107,2024-11-21,Basic,1-10,Tech Startup,USA,False
USR_0108,2025-01-01,Free,1-10,Financial Services,UK,True
USR_0109,2025-06-15,Basic,51-200,Financial Services,USA,True
USR_0110,2024-10-06,Pro,1-10,Marketing Agency,UK,True
USR_0111,2025-07-18,Free,11-50,Government,Germany,False
USR_0112,2025-08-20,Basic,1-10,E-commerce,UK,True
USR_0113,2025-03-02,Basic,11-50,Education,Germany,True
USR_0114,2025-05-28,Free,1-10,Education,India,True
USR_0115,2025-07-18,Basic,11-50,Non-profit,USA,True
USR_0116,2025-08-07,Free,1-10,Financial Services,India,True
USR_0117,2025-04-25,Basic,1000+,Education,Canada,False
USR_0118,2024-09-10,Pro,1-10,Financial Services,France,False
USR_0119,2025-01-21,Basic,11-50,Healthcare,USA,True
USR_0120,2025-05-29,Basic,1-10,Tech Startup,Germany,True
USR_0121,2025-04-03,Free,11-50,Consulting Firm,USA,True
USR_0122,2025-08-11,Free,1000+,Financial Services,India,True
USR_0123,2025-02-12,Pro,11-50,Financial Services,Germany,False
USR_0124,2025-08-17,Pro,51-200,Marketing Agency,USA,True
USR_0125,2024-04-23,Free,1-10,Financial Services,France,True
USR_0126,2024-12-06,Pro,51-200,Consulting Firm,USA,False
USR_0127,2025-02-21,Basic,11-50,Government,Canada,False
USR_0128,2025-05-25,Free,11-50,Education,UK,True
USR_0129,2025-04-04,Free,11-50,Marketing Agency,UK,False
USR_0130,2025-03-14,Free,201-1000,Manufacturing,Australia,True
USR_0131,2025-08-04,Pro,11-50,Manufacturing,Germany,False
USR_0132,2024-12-29,Pro,51-200,Tech Startup,USA,True
USR_0133,2024-12-22,Pro,11-50,Education,UK,True
USR_0134,2025-05-19,Basic,11-50,Financial Services,USA,True
USR_0135,2025-01-19,Pro,11-50,Consulting Firm,Germany,True
USR_0136,2025-03-26,Pro,1000+,Financial Services,Germany,True
USR_0137,2025-05-18,Pro,1-10,Financial Services,UK,True
USR_0138,2025-09-03,Pro,201-1000,E-commerce,Brazil,False
USR_0139,2025-09-02,Basic,51-200,Government,USA,True
USR_0140,2025-08-17,Pro,201-1000,Tech Startup,USA,False
USR_0141,2024-10-13,Free,201-1000,Education,UK,True
USR_0142,2025-06-07,Free,11-50,E-commerce,Australia,True
USR_0143,2025-08-15,Basic,201-1000,Education,USA,True
USR_0144,2025-01-08,Basic,1-10,Consulting Firm,USA,True
USR_0145,2025-08-05,Free,11-50,Education,USA,True
USR_0146,2025-04-29,Enterprise,11-50,E-commerce,Canada,True
USR_0147,2023-09-07,Basic,11-50,Manufacturing,Canada,False
USR_0148,2025-06-21,Basic,11-50,Financial Services,Germany,True
USR_0149,2025-01-24,Basic,11-50,Tech Startup,Canada,True
USR_0150,2025-08-07,Free,201-1000,Manufacturing,Australia,True
USR_0151,2024-07-23,Basic,51-200,Manufacturing,USA,True
USR_0152,2025-02-25,Free,1-10,Financial Services,USA,True
USR_0153,2025-03-28,Free,11-50,Consulting Firm,France,True
USR_0154,2025-08-18,Free,51-200,Financial Services,India,False
USR_0155,2024-04-04,Free,11-50,Manufacturing,India,True
USR_0156,2025-08-21,Free,1-10,Consulting Firm,Germany,True
USR_0157,2024-07-31,Pro,11-50,Government,India,True
USR_0158,2025-08-31,Pro,11-50,Non-profit,UK,True
USR_0159,2024-03-21,Pro,1-10,Government,Germany,False
USR_0160,2025-05-15,Free,11-50,Tech Startup,USA,True
USR_0161,2025-03-10,Free,1-10,E-commerce,USA,False
USR_0162,2025-02-07,Basic,51-200,Healthcare,India,True
USR_0163,2025-08-25,Basic,11-50,Manufacturing,USA,True
USR_0164,2025-07-13,Free,51-200,Marketing Agency,Germany,True
USR_0165,2025-08-03,Pro,11-50,Government,Canada,True
USR_0166,2024-02-11,Free,1-10,Consulting Firm,USA,True
USR_0167,2025-07-07,Free,51-200,Manufacturing,Germany,False
USR_0168,2025-06-07,Enterprise,1-10,Financial Services,USA,True
USR_0169,2025-07-13,Basic,1-10,Marketing Agency,Germany,True
USR_0170,2025-06-22,Free,11-50,Financial Services,UK,True
USR_0171,2024-11-02,Pro,51-200,Education,Germany,True
USR_0172,2025-08-20,Pro,1-10,Government,France,True
USR_0173,2025-08-21,Enterprise,51-200,Healthcare,Australia,True
USR_0174,2025-03-08,Enterprise,201-1000,Government,USA,True
USR_0175,2025-08-29,Basic,1000+,Government,Germany,False
USR_0176,2025-08-31,Basic,1-10,Financial Services,Japan,False
USR_0177,2025-05-14,Pro,51-200,Marketing Agency,UK,True
USR_0178,2025-03-01,Free,11-50,Marketing Agency,India,True
USR_0179,2025-05-25,Basic,11-50,Financial Services,UK,False
USR_0180,2025-06-29,Basic,201-1000,Government,India,True
USR_0181,2025-05-18,Enterprise,1-10,Marketing Agency,Brazil,False
USR_0182,2023-09-07,Free,51-200,Healthcare,UK,True
USR_0183,2025-07-11,Free,1-10,Manufacturing,UK,True
USR_0184,2025-09-06,Basic,1-10,Marketing Agency,USA,True
USR_0185,2025-08-29,Free,1000+,Non-profit,USA,True
USR_0186,2025-08-13,Enterprise,51-200,Healthcare,USA,True
USR_0187,2024-08-22,Pro,11-50,Marketing Agency,USA,False
USR_0188,2025-07-21,Pro,11-50,Healthcare,India,True
USR_0189,2025-08-29,Free,1-10,Government,Australia,True
USR_0190,2025-08-27,Enterprise,201-1000,Consulting Firm,Germany,True
USR_0191,2025-07-14,Basic,11-50,Tech Startup,USA,False
USR_0192,2025-07-22,Free,11-50,Non-profit,India,False
USR_0193,2025-05-19,Free,1-10,Non-profit,USA,False
USR_0194,2025-08-31,Free,201-1000,Marketing Agency,Canada,True
USR_0195,2025-07-14,Pro,11-50,Education,Japan,True
USR_0196,2024-07-28,Enterprise,1-10,Consulting Firm,India,True
USR_0197,2025-02-14,Basic,1-10,Education,UK,False
USR_0198,2025-07-18,Free,1-10,Non-profit,Brazil,True
USR_0199,2025-02-02,Free,201-1000,Government,UK,False
USR_0200,2025-09-05,Pro,1-10,Manufacturing,USA,False
USR_0201,2024-10-20,Basic,1-10,Tech Startup,Germany,True
USR_0202,2025-06-13,Free,51-200,Education,USA,True
USR_0203,2025-05-27,Pro,11-50,Healthcare,USA,False
USR_0204,2025-02-09,Free,11-50,Tech Startup,Australia,True
USR_0205,2025-05-14,Free,1-10,Marketing Agency,India,False
USR_0206,2023-12-22,Pro,1-10,Manufacturing,USA,False
USR_0207,2025-06-15,Pro,1-10,Manufacturing,UK,True
USR_0208,2023-09-07,Basic,11-50,Manufacturing,UK,False
USR_0209,2025-07-04,Pro,51-200,E-commerce,France,True
USR_0210,2024-03-13,Free,11-50,Healthcare,India,False
USR_0211,2024-01-14,Pro,11-50,Tech Startup,USA,True
USR_0212,2025-01-03,Free,201-1000,Financial Services,Canada,False
USR_0213,2025-05-14,Enterprise,1-10,Tech Startup,USA,True
USR_0214,2025-05-20,Basic,1-10,Healthcare,Brazil,False
USR_0215,2025-07-31,Basic,1-10,Manufacturing,USA,True
USR_0216,2025-05-28,Free,11-50,Education,Germany,True
USR_0217,2024-11-23,Free,11-50,Financial Services,UK,True
USR_0218,2025-06-08,Enterprise,51-200,Non-profit,India,False
USR_0219,2025-08-30,Basic,1-10,Tech Startup,USA,True
USR_0220,2025-09-03,Basic,1-10,Tech Startup,Germany,True
USR_0221,2025-06-27,Basic,1-10,Tech Startup,India,True
USR_0222,2025-06-28,Enterprise,1-10,Government,India,True
USR_0223,2025-08-04,Free,11-50,Consulting Firm,India,True
USR_0224,2025-03-18,Basic,1-10,Financial Services,Brazil,True
USR_0225,2024-12-05,Basic,11-50,E-commerce,Germany,True
USR_0226,2024-12-05,Basic,1-10,Government,UK,True
USR_0227,2025-03-28,Basic,11-50,Consulting Firm,USA,False
USR_0228,2025-06-24,Free,51-200,Manufacturing,USA,True
USR_0229,2025-09-02,Basic,11-50,Financial Services,Japan,True
USR_0230,2025-07-28,Basic,1-10,Tech Startup,India,True
USR_0231,2024-02-01,Basic,51-200,Healthcare,USA,True
USR_0232,2023-09-07,Free,201-1000,Non-profit,UK,True
USR_0233,2025-05-09,Pro,201-1000,Education,France,False
USR_0234,2025-07-08,Free,11-50,Marketing Agency,Germany,True
USR_0235,2025-08-12,Pro,201-1000,Manufacturing,Germany,True
USR_0236,2025-04-30,Basic,1-10,Non-profit,USA,False
USR_0237,2025-05-23,Basic,11-50,Marketing Agency,USA,True
USR_0238,2025-07-01,Free,201-1000,Healthcare,USA,False
USR_0239,2025-08-12,Enterprise,11-50,Government,USA,True
USR_0240,2025-04-27,Free,51-200,Tech Startup,UK,True
USR_0241,2024-03-21,Free,11-50,Non-profit,Germany,True
USR_0242,2025-04-22,Pro,51-200,Financial Services,Germany,False
USR_0243,2025-07-27,Free,1-10,Marketing Agency,USA,True
USR_0244,2025-08-28,Basic,1-10,Healthcare,Brazil,True
USR_0245,2025-05-02,Free,1-10,Healthcare,UK,True
USR_0246,2025-09-03,Free,1000+,Manufacturing,UK,True
USR_0247,2025-05-08,Basic,1-10,E-commerce,France,True
USR_0248,2025-02-17,Enterprise,1-10,Financial Services,USA,True
USR_0249,2024-01-20,Free,51-200,Manufacturing,Brazil,True
USR_0250,2025-05-05,Basic,201-1000,Financial Services,Australia,True
USR_0251,2024-11-25,Pro,11-50,Healthcare,France,True
USR_0252,2025-06-21,Free,11-50,Non-profit,India,False
USR_0253,2024-12-29,Free,1-10,E-commerce,France,False
USR_0254,2024-05-26,Basic,201-1000,Non-profit,USA,False
USR_0255,2025-06-13,Free,11-50,Healthcare,USA,True
USR_0256,2025-06-07,Basic,11-50,Non-profit,Germany,True
USR_0257,2025-05-23,Free,11-50,Financial Services,France,True
USR_0258,2025-05-17,Free,201-1000,Marketing Agency,UK,True
USR_0259,2025-06-23,Free,11-50,Healthcare,USA,True
USR_0260,2025-06-08,Basic,51-200,Healthcare,USA,True
USR_0261,2025-03-03,Pro,1-10,Consulting Firm,USA,False
USR_0262,2025-06-20,Free,11-50,Healthcare,USA,True
USR_0263,2024-11-18,Basic,11-50,E-commerce,France,True
USR_0264,2023-10-30,Pro,11-50,Manufacturing,France,True
USR_0265,2025-04-25,Pro,1-10,Government,USA,False
USR_0266,2025-05-30,Free,51-200,Financial Services,UK,True
USR_0267,2025-09-06,Basic,11-50,Non-profit,India,True
USR_0268,2025-08-03,Free,201-1000,Financial Services,Canada,True
USR_0269,2024-12-07,Free,51-200,Manufacturing,France,True
USR_0270,2025-03-14,Basic,11-50,Tech Startup,Australia,False
USR_0271,2025-07-24,Free,1-10,Consulting Firm,Germany,True
USR_0272,2025-07-21,Free,11-50,Non-profit,Japan,True
USR_0273,2025-02-04,Basic,11-50,Manufacturing,France,True
USR_0274,2025-06-23,Pro,11-50,Education,Germany,True
USR_0275,2025-08-22,Free,201-1000,Consulting Firm,Canada,True
USR_0276,2025-06-22,Basic,11-50,Marketing Agency,France,True
USR_0277,2025-03-06,Free,11-50,Consulting Firm,UK,True
USR_0278,2025-06-25,Basic,1000+,Marketing Agency,Canada,False
USR_0279,2025-05-23,Free,11-50,Government,Brazil,True
USR_0280,2025-02-07,Free,11-50,Non-profit,India,True
USR_0281,2025-07-04,Enterprise,11-50,Manufacturing,Canada,True
USR_0282,2023-09-07,Pro,11-50,Non-profit,France,True
USR_0283,2025-07-15,Pro,201-1000,Healthcare,India,False
USR_0284,2025-01-27,Free,11-50,Marketing Agency,USA,True
USR_0285,2025-06-22,Free,11-50,Consulting Firm,Canada,True
USR_0286,2025-03-25,Basic,201-1000,Education,Germany,True
USR_0287,2025-05-04,Free,11-50,Consulting Firm,France,True
USR_0288,2025-01-19,Free,1-10,Non-profit,USA,True
USR_0289,2025-08-07,Free,1000+,Marketing Agency,Germany,False
USR_0290,2025-08-12,Pro,201-1000,Tech Startup,Germany,False
USR_0291,2025-08-03,Basic,11-50,Non-profit,France,True
USR_0292,2025-05-12,Basic,1-10,E-commerce,UK,True
USR_0293,2025-03-06,Free,11-50,Manufacturing,USA,True
USR_0294,2024-12-07,Basic,1-10,Marketing Agency,USA,True
USR_0295,2023-09-07,Free,1-10,Non-profit,Australia,True
USR_0296,2025-08-02,Basic,11-50,E-commerce,Japan,False
USR_0297,2025-03-18,Free,11-50,Education,Canada,True
USR_0298,2024-08-10,Basic,1-10,Manufacturing,UK,True
USR_0299,2025-08-02,Free,1000+,Manufacturing,Canada,True
USR_0300,2025-09-03,Free,51-200,Government,USA,True
USR_0301,2025-06-28,Pro,11-50,Healthcare,India,False
USR_0302,2025-05-09,Free,11-50,Healthcare,India,True
USR_0303,2025-05-09,Free,11-50,Marketing Agency,UK,True
USR_0304,2025-06-08,Basic,51-200,Tech Startup,Brazil,False
USR_0305,2025-06-30,Basic,11-50,Tech Startup,India,True
USR_0306,2024-07-16,Basic,11-50,Marketing Agency,Canada,True
USR_0307,2025-07-22,Pro,11-50,Consulting Firm,USA,False
USR_0308,2025-05-24,Free,1-10,Manufacturing,France,True
USR_0309,2025-08-24,Free,1000+,Healthcare,Canada,True
USR_0310,2023-09-07,Enterprise,201-1000,Consulting Firm,USA,True
USR_0311,2025-08-19,Basic,51-200,Government,USA,True
USR_0312,2023-12-27,Free,51-200,Non-profit,Japan,True
USR_0313,2025-09-04,Free,1-10,Non-profit,Germany,True
USR_0314,2025-08-30,Enterprise,51-200,Financial Services,USA,True
USR_0315,2024-06-08,Basic,11-50,Marketing Agency,USA,True
USR_0316,2024-05-20,Free,11-50,Government,Germany,False
USR_0317,2025-07-19,Free,1-10,Tech Startup,Germany,True
USR_0318,2024-11-06,Pro,51-200,Non-profit,UK,True
USR_0319,2025-07-23,Enterprise,51-200,Manufacturing,USA,True
USR_0320,2025-06-29,Pro,1-10,Marketing Agency,USA,True
USR_0321,2025-08-20,Enterprise,11-50,Manufacturing,India,True
USR_0322,2025-04-19,Basic,11-50,Education,Germany,True
USR_0323,2024-08-30,Basic,51-200,Financial Services,UK,True
USR_0324,2025-07-17,Pro,1000+,Financial Services,USA,False
USR_0325,2025-02-25,Free,51-200,Manufacturing,Germany,True
USR_0326,2025-06-14,Basic,11-50,Government,Australia,True
USR_0327,2025-01-03,Free,1000+,Non-profit,France,False
USR_0328,2024-10-09,Basic,11-50,Government,Canada,True
USR_0329,2025-01-19,Pro,11-50,Healthcare,France,True
USR_0330,2025-08-02,Free,1-10,Non-profit,Canada,True
USR_0331,2024-08-29,Basic,51-200,Healthcare,Germany,True
USR_0332,2025-04-11,Basic,51-200,Marketing Agency,Germany,True
USR_0333,2025-06-28,Basic,1-10,Financial Services,USA,False
USR_0334,2025-01-28,Pro,11-50,E-commerce,USA,True
USR_0335,2025-07-20,Free,1-10,Non-profit,Brazil,True
USR_0336,2025-05-31,Basic,51-200,Education,Japan,True
USR_0337,2025-01-07,Enterprise,1-10,E-commerce,Canada,True
USR_0338,2025-09-01,Free,51-200,Education,UK,True
USR_0339,2024-04-16,Free,11-50,Consulting Firm,Canada,True
USR_0340,2025-05-11,Basic,201-1000,E-commerce,USA,True
USR_0341,2025-01-15,Basic,11-50,Non-profit,USA,True
USR_0342,2025-07-22,Free,11-50,E-commerce,France,False
USR_0343,2025-08-24,Free,1-10,Manufacturing,USA,False
USR_0344,2025-07-17,Free,51-200,Government,India,True
USR_0345,2025-08-07,Pro,1-10,Marketing Agency,India,True
USR_0346,2025-04-22,Basic,11-50,Marketing Agency,Australia,True
USR_0347,2025-08-13,Pro,11-50,Government,Canada,True
USR_0348,2025-01-13,Enterprise,1-10,Consulting Firm,France,True
USR_0349,2025-06-24,Free,201-1000,Non-profit,USA,True
USR_0350,2025-01-20,Basic,1-10,Education,Germany,True
USR_0351,2025-08-15,Pro,51-200,Non-profit,India,True
USR_0352,2025-03-19,Free,51-200,Government,USA,False
USR_0353,2024-09-30,Basic,11-50,Consulting Firm,France,True
USR_0354,2025-08-26,Basic,51-200,Government,Japan,False
USR_0355,2025-05-05,Free,201-1000,Government,USA,False
USR_0356,2025-04-27,Free,201-1000,Education,USA,True
USR_0357,2024-03-28,Basic,51-200,Tech Startup,USA,True
USR_0358,2025-05-17,Pro,11-50,E-commerce,India,True
USR_0359,2025-05-21,Free,1-10,Healthcare,Japan,True
USR_0360,2025-04-26,Free,51-200,E-commerce,USA,True
USR_0361,2025-03-05,Free,201-1000,Marketing Agency,USA,True
USR_0362,2024-11-27,Free,201-1000,Consulting Firm,India,True
USR_0363,2025-05-02,Basic,1-10,Financial Services,India,True
USR_0364,2025-08-08,Basic,11-50,Education,India,True
USR_0365,2025-01-07,Free,1000+,Manufacturing,USA,True
USR_0366,2025-06-28,Enterprise,1000+,Manufacturing,USA,True
USR_0367,2025-08-20,Free,51-200,Government,USA,True
USR_0368,2025-07-31,Pro,51-200,Marketing Agency,USA,False
USR_0369,2023-09-07,Pro,51-200,Non-profit,Canada,True
USR_0370,2024-10-24,Free,1-10,Healthcare,USA,True
USR_0371,2025-01-21,Basic,201-1000,Consulting Firm,UK,True
USR_0372,2025-03-01,Basic,11-50,Healthcare,India,False
USR_0373,2025-07-15,Free,51-200,Marketing Agency,USA,True
USR_0374,2025-08-24,Free,201-1000,Tech Startup,India,True
USR_0375,2025-03-05,Basic,11-50,Education,Canada,True
USR_0376,2024-12-21,Basic,51-200,E-commerce,India,False
USR_0377,2024-12-01,Basic,1-10,Tech Startup,India,True
USR_0378,2025-08-04,Free,11-50,E-commerce,Canada,True
USR_0379,2025-06-02,Pro,11-50,Tech Startup,USA,True
USR_0380,2024-06-13,Free,201-1000,Consulting Firm,Japan,False
USR_0381,2025-02-02,Pro,1000+,Non-profit,USA,False
USR_0382,2025-07-09,Pro,1-10,Education,USA,True
USR_0383,2025-07-13,Free,11-50,E-commerce,USA,True
USR_0384,2025-07-05,Free,51-200,E-commerce,USA,False
USR_0385,2024-08-25,Free,11-50,Financial Services,USA,True
USR_0386,2025-07-19,Pro,1-10,Consulting Firm,USA,False
USR_0387,2025-04-06,Basic,1-10,Healthcare,Germany,True
USR_0388,2025-08-19,Pro,51-200,Tech Startup,USA,False
USR_0389,2025-09-02,Basic,1-10,Education,UK,False
USR_0390,2025-03-24,Pro,11-50,Financial Services,Brazil,True
USR_0391,2024-11-30,Basic,51-200,E-commerce,Canada,True
USR_0392,2025-02-28,Enterprise,11-50,Manufacturing,Japan,True
USR_0393,2025-06-04,Pro,1-10,Education,USA,True
USR_0394,2025-07-10,Enterprise,11-50,Tech Startup,Germany,True
USR_0395,2025-05-22,Basic,11-50,Education,India,True
USR_0396,2024-10-19,Pro,1-10,Manufacturing,India,True
USR_0397,2025-04-30,Free,201-1000,Non-profit,India,True
USR_0398,2024-11-03,Basic,201-1000,Manufacturing,India,True
USR_0399,2025-01-31,Enterprise,1-10,Tech Startup,Canada,True
USR_0400,2024-08-17,Basic,1-10,Tech Startup,India,False
USR_0401,2024-10-31,Free,11-50,Manufacturing,France,False
USR_0402,2025-08-30,Pro,1-10,E-commerce,Canada,True
USR_0403,2025-06-15,Free,11-50,E-commerce,India,True
USR_0404,2025-06-29,Pro,11-50,Non-profit,Germany,False
USR_0405,2025-03-26,Basic,1-10,Non-profit,Germany,False
USR_0406,2025-01-18,Free,201-1000,Education,India,False
USR_0407,2024-11-02,Basic,11-50,Tech Startup,USA,True
USR_0408,2024-06-30,Pro,1-10,Non-profit,France,True
USR_0409,2024-10-05,Basic,11-50,Consulting Firm,USA,True
USR_0410,2024-09-15,Basic,1-10,Consulting Firm,UK,True
USR_0411,2024-12-24,Free,201-1000,Government,Canada,True
USR_0412,2025-06-08,Basic,11-50,Healthcare,Germany,True
USR_0413,2024-12-22,Pro,11-50,Government,Germany,True
USR_0414,2025-06-23,Free,11-50,Tech Startup,USA,False
USR_0415,2025-04-23,Pro,11-50,Education,UK,True
USR_0416,2025-08-10,Basic,1-10,Consulting Firm,Japan,True
USR_0417,2025-08-30,Free,11-50,Government,Canada,True
USR_0418,2025-08-09,Basic,1-10,Government,USA,False
USR_0419,2025-06-30,Pro,11-50,Non-profit,Japan,True
USR_0420,2024-01-31,Free,11-50,Education,UK,True
USR_0421,2025-04-14,Basic,51-200,Manufacturing,UK,True
USR_0422,2025-07-14,Free,1-10,Healthcare,Japan,True
USR_0423,2025-06-21,Basic,1-10,Consulting Firm,USA,False
USR_0424,2025-07-26,Pro,51-200,Marketing Agency,Germany,True
USR_0425,2025-03-16,Free,11-50,Healthcare,UK,True
USR_0426,2025-07-22,Enterprise,201-1000,Education,UK,False
USR_0427,2025-08-12,Pro,1-10,Tech Startup,France,True
USR_0428,2025-08-31,Enterprise,201-1000,Government,Japan,True
USR_0429,2024-09-13,Basic,11-50,Education,UK,True
USR_0430,2025-05-24,Basic,201-1000,Consulting Firm,Germany,False
USR_0431,2023-09-26,Basic,51-200,E-commerce,India,True
USR_0432,2023-09-07,Free,1-10,Tech Startup,India,False
USR_0433,2025-08-26,Pro,11-50,Manufacturing,USA,True
USR_0434,2025-02-09,Pro,51-200,Government,Germany,True
USR_0435,2024-11-02,Free,51-200,Non-profit,India,False
USR_0436,2025-07-28,Enterprise,1-10,Manufacturing,USA,True
USR_0437,2025-03-10,Free,1-10,Financial Services,Australia,True
USR_0438,2024-12-19,Pro,11-50,Financial Services,Canada,True
USR_0439,2025-07-09,Basic,1-10,Consulting Firm,UK,True
USR_0440,2025-04-04,Basic,1-10,Consulting Firm,UK,True
USR_0441,2025-08-23,Basic,51-200,Education,USA,True
USR_0442,2025-06-05,Free,1-10,Manufacturing,Canada,True
USR_0443,2025-08-07,Free,1-10,Manufacturing,UK,True
USR_0444,2025-03-06,Enterprise,11-50,Healthcare,Canada,False
USR_0445,2025-07-31,Pro,201-1000,Government,Germany,True
USR_0446,2025-08-24,Basic,1-10,E-commerce,USA,True
USR_0447,2025-04-10,Free,201-1000,Financial Services,USA,True
USR_0448,2025-07-08,Free,11-50,Non-profit,Australia,True
USR_0449,2025-09-06,Basic,1-10,Education,France,True
USR_0450,2024-10-12,Free,1-10,Non-profit,USA,False
USR_0451,2024-10-26,Free,11-50,Marketing Agency,USA,False
USR_0452,2024-08-02,Basic,201-1000,Financial Services,Japan,True
USR_0453,2025-02-09,Basic,11-50,Non-profit,France,True
USR_0454,2025-08-04,Pro,51-200,Tech Startup,USA,True
USR_0455,2025-02-15,Pro,1-10,E-commerce,Australia,True
USR_0456,2025-08-28,Free,1000+,Non-profit,UK,True
USR_0457,2025-03-09,Pro,1-10,Manufacturing,Australia,True
USR_0458,2024-10-30,Pro,1-10,Non-profit,India,True
USR_0459,2025-03-02,Pro,51-200,Marketing Agency,Canada,False
USR_0460,2025-08-13,Pro,1000+,Healthcare,France,True
USR_0461,2025-04-03,Free,1-10,Non-profit,India,False
USR_0462,2025-04-18,Free,51-200,Healthcare,Brazil,False
USR_0463,2025-01-27,Pro,1-10,Consulting Firm,Canada,True
USR_0464,2025-03-27,Free,11-50,E-commerce,USA,True
USR_0465,2024-12-22,Basic,1-10,Tech Startup,UK,False
USR_0466,2025-08-13,Free,51-200,Non-profit,USA,True
USR_0467,2025-09-03,Free,51-200,Government,USA,True
USR_0468,2025-04-07,Basic,51-200,Manufacturing,India,True
USR_0469,2025-04-17,Pro,11-50,Financial Services,UK,True
USR_0470,2025-07-03,Free,1-10,Marketing Agency,Germany,True
USR_0471,2025-08-26,Basic,11-50,Financial Services,Brazil,False
USR_0472,2023-09-07,Basic,1000+,Education,Canada,True
USR_0473,2025-07-29,Free,11-50,Government,USA,True
USR_0474,2023-09-18,Basic,201-1000,Tech Startup,USA,False
USR_0475,2025-07-06,Basic,201-1000,Non-profit,France,True
USR_0476,2024-05-14,Basic,1-10,Financial Services,USA,False
USR_0477,2025-04-23,Free,11-50,Healthcare,Japan,True
USR_0478,2024-05-19,Pro,11-50,Consulting Firm,USA,True
USR_0479,2025-07-26,Free,51-200,Marketing Agency,India,True
USR_0480,2024-02-02,Free,1000+,Financial Services,France,False
USR_0481,2025-04-08,Free,11-50,Consulting Firm,USA,True
USR_0482,2025-09-04,Free,51-200,Marketing Agency,France,True
USR_0483,2024-03-05,Enterprise,11-50,Government,UK,True
USR_0484,2025-07-17,Basic,51-200,E-commerce,Germany,False
USR_0485,2025-05-05,Free,1-10,Healthcare,Canada,True
USR_0486,2024-11-16,Free,51-200,Financial Services,India,True
USR_0487,2025-08-19,Basic,1-10,Consulting Firm,India,True
USR_0488,2024-07-16,Free,1000+,Marketing Agency,Japan,True
USR_0489,2024-12-23,Free,11-50,Healthcare,USA,True
USR_0490,2025-05-23,Free,11-50,E-commerce,Canada,True
USR_0491,2025-06-02,Pro,201-1000,Government,Brazil,True
USR_0492,2025-05-02,Free,1-10,Government,Brazil,True
USR_0493,2025-02-13,Free,11-50,Financial Services,Germany,True
USR_0494,2024-12-24,Free,11-50,Manufacturing,Brazil,False
USR_0495,2025-05-31,Pro,11-50,Marketing Agency,USA,True
USR_0496,2025-07-31,Free,201-1000,Non-profit,Canada,True
USR_0497,2024-08-21,Basic,1-10,Financial Services,USA,True
USR_0498,2024-12-13,Free,51-200,Marketing Agency,India,True
USR_0499,2025-07-08,Basic,1-10,Healthcare,Australia,True
USR_0500,2025-06-01,Basic,1-10,Government,USA,True
USR_0501,2025-09-04,Basic,201-1000,Education,France,False
USR_0502,2025-07-23,Basic,51-200,Healthcare,Australia,True
USR_0503,2024-07-26,Pro,1-10,Consulting Firm,USA,True
USR_0504,2024-07-15,Pro,1000+,Financial Services,Australia,True
USR_0505,2025-08-08,Free,11-50,Government,France,True
USR_0506,2024-12-07,Basic,1000+,Government,UK,True
USR_0507,2024-03-19,Basic,1-10,Healthcare,USA,True
USR_0508,2025-05-01,Free,201-1000,Financial Services,USA,True
USR_0509,2025-08-19,Pro,1-10,Government,France,False
USR_0510,2025-07-11,Pro,1-10,Education,USA,False
USR_0511,2024-09-22,Pro,51-200,Manufacturing,UK,True
USR_0512,2025-05-11,Basic,11-50,E-commerce,Canada,True
USR_0513,2024-10-12,Free,51-200,Marketing Agency,UK,True
USR_0514,2025-01-30,Pro,11-50,Tech Startup,UK,True
USR_0515,2025-07-02,Basic,1-10,Consulting Firm,Brazil,True
USR_0516,2024-08-22,Pro,51-200,Manufacturing,USA,False
USR_0517,2025-05-04,Free,11-50,Manufacturing,Germany,False
USR_0518,2024-07-07,Free,51-200,Tech Startup,UK,True
USR_0519,2025-07-02,Free,11-50,Tech Startup,UK,False
USR_0520,2025-03-23,Free,11-50,Marketing Agency,UK,True
USR_0521,2025-06-25,Free,11-50,E-commerce,Japan,False
USR_0522,2025-01-11,Free,51-200,Education,Germany,False
USR_0523,2025-06-27,Pro,201-1000,Financial Services,USA,True
USR_0524,2025-08-02,Enterprise,1-10,Non-profit,Australia,True
USR_0525,2025-05-30,Free,11-50,Consulting Firm,USA,True
USR_0526,2025-07-12,Free,51-200,Education,USA,True
USR_0527,2025-08-03,Pro,1-10,Non-profit,USA,True
USR_0528,2025-03-14,Basic,1-10,Marketing Agency,France,True
USR_0529,2025-04-10,Basic,51-200,Education,USA,True
USR_0530,2025-03-26,Pro,201-1000,Government,UK,True
USR_0531,2025-07-25,Pro,1-10,Financial Services,Germany,True
USR_0532,2025-02-13,Basic,1-10,E-commerce,Brazil,True
USR_0533,2024-04-19,Free,51-200,Government,Australia,True
USR_0534,2025-02-21,Basic,51-200,Marketing Agency,USA,True
USR_0535,2024-06-20,Basic,1-10,Non-profit,UK,False
USR_0536,2025-07-21,Basic,51-200,Marketing Agency,France,True
USR_0537,2025-07-28,Pro,51-200,Tech Startup,USA,True
USR_0538,2025-07-17,Free,11-50,Consulting Firm,USA,True
USR_0539,2025-03-28,Free,11-50,Marketing Agency,India,False
USR_0540,2024-05-08,Basic,1-10,Government,UK,True
USR_0541,2023-09-07,Free,51-200,Tech Startup,Brazil,True
USR_0542,2025-04-20,Free,11-50,Education,India,True
USR_0543,2024-12-02,Basic,201-1000,Education,Canada,True
USR_0544,2025-03-02,Pro,1-10,Marketing Agency,UK,False
USR_0545,2025-03-26,Free,11-50,Manufacturing,USA,True
USR_0546,2024-05-23,Free,51-200,Education,France,True
USR_0547,2025-08-06,Free,1-10,Government,Brazil,True
USR_0548,2025-01-20,Pro,11-50,E-commerce,USA,True
USR_0549,2025-07-16,Basic,11-50,Healthcare,Australia,True
USR_0550,2024-08-31,Pro,1-10,Manufacturing,Brazil,True
USR_0551,2025-06-19,Basic,201-1000,Tech Startup,USA,False
USR_0552,2025-08-23,Pro,11-50,Non-profit,India,True
USR_0553,2024-10-14,Pro,51-200,Non-profit,USA,True
USR_0554,2025-05-19,Basic,51-200,E-commerce,USA,True
USR_0555,2025-08-05,Free,51-200,Education,Australia,True
USR_0556,2025-04-19,Free,11-50,Government,India,True
USR_0557,2025-03-09,Basic,1-10,Government,Germany,True
USR_0558,2025-08-27,Free,1-10,Financial Services,Germany,True
USR_0559,2025-06-01,Basic,11-50,Government,Canada,False
USR_0560,2025-07-27,Free,11-50,Tech Startup,Germany,True
USR_0561,2025-08-15,Basic,1-10,Manufacturing,USA,True
USR_0562,2025-07-27,Free,201-1000,Manufacturing,Australia,False
USR_0563,2024-12-11,Basic,201-1000,Consulting Firm,Germany,True
USR_0564,2025-02-08,Free,1-10,Non-profit,UK,False
USR_0565,2024-10-31,Pro,11-50,Consulting Firm,USA,True
USR_0566,2025-05-01,Pro,11-50,Consulting Firm,USA,True
USR_0567,2025-03-02,Free,1-10,Marketing Agency,USA,False
USR_0568,2025-06-09,Basic,1000+,E-commerce,Germany,True
USR_0569,2025-06-13,Pro,11-50,Government,USA,True
USR_0570,2025-06-21,Free,1-10,E-commerce,UK,True
USR_0571,2025-02-26,Pro,1-10,Marketing Agency,France,True
USR_0572,2025-09-05,Pro,51-200,Non-profit,Germany,True
USR_0573,2025-04-16,Basic,11-50,Government,Australia,True
USR_0574,2025-07-26,Pro,11-50,Non-profit,USA,True
USR_0575,2025-08-06,Free,11-50,Healthcare,France,False
USR_0576,2025-04-04,Basic,1-10,Government,Canada,True
USR_0577,2025-06-10,Basic,1-10,Marketing Agency,Canada,False
USR_0578,2025-05-02,Free,1-10,Marketing Agency,USA,True
USR_0579,2025-05-21,Enterprise,11-50,Education,UK,True
USR_0580,2025-01-01,Free,11-50,Healthcare,France,True
USR_0581,2025-03-27,Free,51-200,E-commerce,UK,False
USR_0582,2024-12-02,Pro,51-200,Tech Startup,UK,True
USR_0583,2025-07-14,Free,201-1000,Consulting Firm,India,True
USR_0584,2024-09-20,Pro,11-50,Financial Services,USA,False
USR_0585,2023-09-07,Pro,51-200,Tech Startup,Germany,True
USR_0586,2025-08-19,Enterprise,11-50,Government,USA,True
USR_0587,2025-04-07,Free,11-50,Consulting Firm,USA,True
USR_0588,2024-12-05,Basic,11-50,Healthcare,USA,True
USR_0589,2024-12-20,Basic,51-200,Manufacturing,India,True
USR_0590,2025-04-10,Basic,201-1000,Government,Canada,True
USR_0591,2025-03-07,Pro,51-200,Non-profit,USA,True
USR_0592,2024-05-20,Pro,11-50,Healthcare,Germany,True
USR_0593,2025-05-24,Basic,201-1000,Government,France,True
USR_0594,2025-08-27,Basic,51-200,Manufacturing,India,True
USR_0595,2024-05-28,Basic,1-10,Non-profit,Germany,True
USR_0596,2025-08-07,Basic,11-50,Financial Services,France,True
USR_0597,2025-02-20,Pro,1-10,E-commerce,France,True
USR_0598,2025-08-03,Basic,11-50,E-commerce,Japan,True
USR_0599,2025-05-09,Basic,1-10,Healthcare,India,True
USR_0600,2025-08-23,Pro,1-10,Education,France,True
USR_0601,2025-07-21,Pro,11-50,Manufacturing,India,True
USR_0602,2025-07-26,Pro,201-1000,Healthcare,India,False
USR_0603,2025-08-13,Free,1-10,Tech Startup,Germany,False
USR_0604,2025-05-17,Pro,1-10,E-commerce,USA,True
USR_0605,2025-06-07,Basic,201-1000,Consulting Firm,Germany,False
USR_0606,2025-06-01,Free,11-50,Marketing Agency,USA,True
USR_0607,2025-08-04,Free,1000+,Non-profit,Japan,True
USR_0608,2025-07-10,Pro,11-50,Financial Services,USA,True
USR_0609,2024-10-26,Free,11-50,E-commerce,USA,False
USR_0610,2025-08-09,Free,201-1000,Financial Services,USA,True
USR_0611,2025-07-03,Basic,51-200,Healthcare,UK,False
USR_0612,2025-07-03,Free,1-10,Manufacturing,USA,True
USR_0613,2025-07-02,Pro,1-10,Financial Services,Canada,True
USR_0614,2025-06-22,Basic,1000+,Tech Startup,India,True
USR_0615,2025-04-20,Pro,1000+,Non-profit,Brazil,True
USR_0616,2025-04-26,Basic,51-200,Education,India,True
USR_0617,2024-09-18,Basic,11-50,E-commerce,Canada,True
USR_0618,2024-07-13,Pro,51-200,Education,Germany,True
USR_0619,2025-05-08,Basic,1-10,Manufacturing,Brazil,True
USR_0620,2025-07-09,Free,201-1000,Healthcare,USA,True
USR_0621,2025-08-01,Pro,1-10,Education,Japan,True
USR_0622,2025-08-09,Free,51-200,Consulting Firm,India,True
USR_0623,2025-01-14,Basic,11-50,E-commerce,France,True
USR_0624,2025-07-24,Pro,1-10,Education,Australia,True
USR_0625,2025-03-25,Free,11-50,Tech Startup,USA,True
USR_0626,2025-06-20,Free,11-50,Marketing Agency,Brazil,False
USR_0627,2025-03-21,Pro,51-200,Manufacturing,USA,False
USR_0628,2025-01-31,Basic,51-200,Tech Startup,France,False
USR_0629,2025-06-13,Pro,11-50,Healthcare,Australia,True
USR_0630,2025-03-03,Free,51-200,E-commerce,UK,True
USR_0631,2025-08-28,Free,11-50,E-commerce,Brazil,False
USR_0632,2024-11-24,Pro,1-10,Tech Startup,Australia,False
USR_0633,2025-07-30,Pro,51-200,Financial Services,USA,True
USR_0634,2025-04-08,Basic,1-10,Government,France,True
USR_0635,2024-05-18,Free,1-10,Healthcare,Australia,True
USR_0636,2025-08-21,Free,11-50,Financial Services,USA,False
USR_0637,2025-02-20,Pro,1-10,Tech Startup,France,True
USR_0638,2025-07-05,Basic,11-50,E-commerce,Australia,True
USR_0639,2025-07-09,Enterprise,1-10,Tech Startup,France,True
USR_0640,2023-09-07,Free,11-50,Financial Services,USA,False
USR_0641,2025-08-20,Enterprise,11-50,Financial Services,Brazil,True
USR_0642,2025-07-28,Free,1-10,Financial Services,Germany,True
USR_0643,2023-12-26,Basic,11-50,Government,USA,True
USR_0644,2024-07-10,Basic,1-10,Consulting Firm,India,False
USR_0645,2024-12-26,Free,1-10,Non-profit,France,True
USR_0646,2025-06-06,Pro,201-1000,Manufacturing,USA,True
USR_0647,2025-08-17,Basic,51-200,Consulting Firm,USA,True
USR_0648,2024-10-21,Free,51-200,Tech Startup,USA,True
USR_0649,2024-03-16,Free,51-200,Non-profit,USA,True
USR_0650,2025-04-17,Pro,11-50,Manufacturing,France,False
USR_0651,2024-11-01,Basic,51-200,Consulting Firm,Canada,True
USR_0652,2024-04-10,Free,1-10,Healthcare,USA,True
USR_0653,2025-06-17,Free,11-50,Healthcare,USA,True
USR_0654,2025-01-08,Free,51-200,Manufacturing,USA,True
USR_0655,2025-07-05,Pro,51-200,Government,India,True
USR_0656,2024-12-06,Free,1-10,E-commerce,USA,True
USR_0657,2025-07-24,Enterprise,11-50,Non-profit,Germany,True
USR_0658,2024-10-29,Pro,11-50,Financial Services,USA,True
USR_0659,2025-04-13,Free,51-200,Education,Germany,True
USR_0660,2025-08-10,Basic,51-200,Tech Startup,USA,True
USR_0661,2025-09-03,Basic,1-10,Manufacturing,UK,True
USR_0662,2025-05-13,Basic,1-10,Marketing Agency,Japan,True
USR_0663,2025-01-23,Free,11-50,Manufacturing,UK,False
USR_0664,2025-08-29,Basic,11-50,E-commerce,Germany,True
USR_0665,2024-10-18,Pro,11-50,Tech Startup,India,False
USR_0666,2025-05-24,Pro,11-50,Healthcare,USA,True
USR_0667,2025-08-01,Free,51-200,E-commerce,Canada,True
USR_0668,2024-08-22,Basic,1-10,Financial Services,Japan,True
USR_0669,2025-07-01,Pro,1-10,Consulting Firm,Canada,True
USR_0670,2025-07-08,Free,11-50,Marketing Agency,France,True
USR_0671,2025-01-13,Pro,1-10,Healthcare,USA,False
USR_0672,2025-07-20,Free,51-200,Education,USA,False
USR_0673,2025-05-10,Basic,11-50,E-commerce,USA,False
USR_0674,2025-04-12,Pro,51-200,E-commerce,USA,True
USR_0675,2025-07-26,Pro,51-200,Consulting Firm,Brazil,True
USR_0676,2024-12-05,Free,1000+,Consulting Firm,Japan,True
USR_0677,2025-05-18,Basic,11-50,Non-profit,USA,True
USR_0678,2025-07-23,Free,11-50,Non-profit,USA,True
USR_0679,2025-06-01,Pro,201-1000,Non-profit,France,True
USR_0680,2024-11-16,Free,1-10,Marketing Agency,USA,True
USR_0681,2024-10-22,Pro,11-50,Tech Startup,USA,False
USR_0682,2024-05-24,Basic,1-10,Tech Startup,USA,False
USR_0683,2025-01-13,Pro,51-200,Government,Germany,True
USR_0684,2023-11-21,Basic,1-10,Financial Services,India,True
USR_0685,2025-04-16,Free,11-50,Tech Startup,USA,True
USR_0686,2025-07-14,Free,1-10,E-commerce,UK,True
USR_0687,2024-09-03,Free,1-10,Government,France,False
USR_0688,2024-12-24,Pro,11-50,E-commerce,USA,True
USR_0689,2024-11-16,Pro,1-10,E-commerce,Australia,True
USR_0690,2025-06-04,Free,1-10,Education,USA,True
USR_0691,2025-02-03,Free,11-50,E-commerce,India,False
USR_0692,2025-07-05,Free,11-50,Education,India,False
USR_0693,2025-08-10,Basic,1-10,Healthcare,USA,True
USR_0694,2025-06-18,Basic,1-10,Marketing Agency,USA,True
USR_0695,2025-05-03,Free,1-10,Consulting Firm,Germany,False
USR_0696,2025-07-07,Basic,11-50,E-commerce,UK,True
USR_0697,2025-02-21,Basic,11-50,Manufacturing,Brazil,True
USR_0698,2024-10-29,Basic,51-200,Government,UK,True
USR_0699,2025-05-15,Basic,1-10,Healthcare,Australia,True
USR_0700,2024-09-10,Free,1-10,Financial Services,USA,False
USR_0701,2025-08-11,Free,201-1000,Education,Germany,True
USR_0702,2025-04-05,Basic,1-10,Non-profit,USA,True
USR_0703,2024-04-08,Free,51-200,Education,USA,True
USR_0704,2025-08-12,Basic,51-200,Non-profit,Japan,True
USR_0705,2025-03-28,Basic,1-10,Government,USA,True
USR_0706,2025-07-14,Free,11-50,Tech Startup,France,True
USR_0707,2025-05-07,Basic,51-200,Marketing Agency,USA,False
USR_0708,2025-04-04,Basic,11-50,Government,UK,False
USR_0709,2025-08-13,Pro,201-1000,Education,USA,True
USR_0710,2025-07-06,Basic,51-200,E-commerce,Germany,True
USR_0711,2024-10-14,Basic,11-50,Manufacturing,USA,True
USR_0712,2025-07-24,Basic,11-50,Manufacturing,USA,True
USR_0713,2025-06-28,Basic,11-50,Manufacturing,USA,False
USR_0714,2024-05-30,Basic,11-50,Healthcare,USA,True
USR_0715,2025-01-14,Pro,1-10,Tech Startup,USA,True
USR_0716,2025-04-14,Free,1-10,Financial Services,India,False
USR_0717,2024-07-21,Basic,51-200,Education,France,False
USR_0718,2025-07-22,Free,11-50,Manufacturing,USA,False
USR_0719,2023-10-30,Basic,1-10,Consulting Firm,India,True
USR_0720,2025-06-29,Basic,11-50,Marketing Agency,France,True
USR_0721,2025-06-30,Free,11-50,Consulting Firm,France,True
USR_0722,2025-04-06,Free,51-200,Consulting Firm,UK,True
USR_0723,2025-03-16,Free,1-10,Education,USA,True
USR_0724,2024-11-24,Free,1-10,Financial Services,Japan,True
USR_0725,2025-05-12,Basic,11-50,E-commerce,France,False
USR_0726,2023-11-09,Basic,1-10,Government,USA,False
USR_0727,2025-04-26,Free,11-50,E-commerce,USA,True
USR_0728,2024-07-22,Pro,11-50,Education,India,True
USR_0729,2024-07-04,Enterprise,51-200,Education,Germany,True
USR_0730,2024-06-27,Free,11-50,Non-profit,Japan,False
USR_0731,2025-07-03,Enterprise,11-50,Tech Startup,France,True
USR_0732,2025-06-15,Basic,51-200,Marketing Agency,Germany,False
USR_0733,2025-06-13,Free,11-50,E-commerce,USA,True
USR_0734,2025-05-05,Free,1-10,E-commerce,Canada,True
USR_0735,2024-08-16,Basic,11-50,Healthcare,UK,True
USR_0736,2025-08-26,Pro,201-1000,Education,USA,True
USR_0737,2025-08-01,Free,11-50,Marketing Agency,Canada,True
USR_0738,2025-08-13,Free,1-10,Tech Startup,Germany,True
USR_0739,2025-07-25,Free,11-50,Consulting Firm,USA,True
USR_0740,2025-07-05,Basic,51-200,Non-profit,Canada,True
USR_0741,2025-08-09,Free,11-50,E-commerce,Germany,True
USR_0742,2025-06-29,Basic,11-50,Education,UK,True
USR_0743,2024-10-24,Pro,1-10,Manufacturing,France,True
USR_0744,2023-09-07,Free,11-50,Financial Services,India,True
USR_0745,2025-05-30,Enterprise,1-10,Government,UK,False
USR_0746,2024-03-14,Free,1000+,Healthcare,USA,True
USR_0747,2025-04-09,Free,11-50,Manufacturing,Canada,True
USR_0748,2025-03-26,Pro,11-50,Healthcare,India,False
USR_0749,2025-07-29,Basic,1-10,E-commerce,Canada,False
USR_0750,2025-04-14,Pro,11-50,Non-profit,UK,True
USR_0751,2025-07-17,Pro,1-10,Consulting Firm,Germany,True
USR_0752,2025-07-31,Free,11-50,Government,USA,False
USR_0753,2025-04-18,Free,11-50,Consulting Firm,USA,True
USR_0754,2025-06-10,Free,11-50,Consulting Firm,India,True
USR_0755,2025-07-29,Basic,1-10,Consulting Firm,USA,True
USR_0756,2025-04-09,Pro,11-50,Healthcare,USA,True
USR_0757,2025-08-29,Free,11-50,Healthcare,UK,True
USR_0758,2025-03-30,Basic,11-50,Marketing Agency,USA,True
USR_0759,2025-08-14,Basic,1-10,Non-profit,USA,True
USR_0760,2025-01-14,Free,201-1000,Marketing Agency,France,True
USR_0761,2025-08-27,Free,51-200,Non-profit,Canada,True
USR_0762,2025-06-25,Free,1-10,Consulting Firm,Japan,True
USR_0763,2024-01-21,Free,11-50,Healthcare,USA,True
USR_0764,2024-11-23,Basic,11-50,Marketing Agency,USA,False
USR_0765,2025-05-26,Basic,11-50,Consulting Firm,Japan,True
USR_0766,2024-08-29,Pro,1-10,Non-profit,Germany,True
USR_0767,2025-03-20,Free,1-10,Manufacturing,USA,True
USR_0768,2025-06-14,Basic,1-10,Tech Startup,Brazil,False
USR_0769,2025-02-28,Basic,51-200,Manufacturing,Germany,True
USR_0770,2025-03-10,Pro,1000+,Financial Services,USA,False
USR_0771,2024-08-21,Pro,1000+,Tech Startup,Canada,True
USR_0772,2025-01-13,Pro,11-50,Marketing Agency,Germany,True
USR_0773,2025-05-14,Basic,11-50,Marketing Agency,USA,False
USR_0774,2025-07-15,Basic,1-10,Education,USA,True
USR_0775,2025-06-03,Free,11-50,Tech Startup,USA,True
USR_0776,2025-05-31,Basic,11-50,Non-profit,USA,True
USR_0777,2024-07-04,Free,1-10,Marketing Agency,Brazil,True
USR_0778,2025-05-14,Free,11-50,Tech Startup,Canada,True
USR_0779,2025-07-16,Basic,1-10,Tech Startup,India,True
USR_0780,2024-08-04,Basic,51-200,Consulting Firm,Germany,True
USR_0781,2025-07-15,Free,1-10,Financial Services,USA,True
USR_0782,2025-04-13,Basic,11-50,Non-profit,USA,True
USR_0783,2025-08-03,Basic,1-10,Financial Services,Canada,False
USR_0784,2025-09-04,Basic,51-200,Non-profit,USA,True
USR_0785,2025-06-25,Basic,51-200,Healthcare,Germany,True
USR_0786,2025-02-14,Pro,1000+,Government,USA,True
USR_0787,2025-03-07,Free,1-10,Healthcare,USA,False
USR_0788,2025-09-02,Free,11-50,Healthcare,USA,False
USR_0789,2024-12-23,Free,11-50,Manufacturing,Germany,False
USR_0790,2025-08-21,Free,11-50,Healthcare,Australia,True
USR_0791,2024-01-08,Free,1-10,Marketing Agency,Japan,True
USR_0792,2025-03-10,Pro,11-50,Consulting Firm,Canada,True
USR_0793,2025-01-03,Free,11-50,Consulting Firm,UK,False
USR_0794,2024-11-09,Pro,51-200,Manufacturing,Australia,True
USR_0795,2025-02-25,Basic,1-10,Tech Startup,USA,True
USR_0796,2025-08-16,Free,11-50,E-commerce,UK,True
USR_0797,2024-05-25,Pro,51-200,E-commerce,USA,True
USR_0798,2024-04-02,Basic,11-50,Tech Startup,France,True
USR_0799,2025-07-18,Free,1-10,Education,USA,True
USR_0800,2025-08-21,Basic,1-10,Financial Services,India,True
USR_0801,2024-12-05,Pro,1000+,Financial Services,France,True
USR_0802,2024-08-31,Free,1-10,Tech Startup,UK,False
USR_0803,2025-06-11,Free,51-200,Healthcare,Germany,True
USR_0804,2025-04-04,Free,11-50,Healthcare,Japan,False
USR_0805,2024-05-05,Basic,11-50,Tech Startup,USA,True
USR_0806,2025-03-20,Free,11-50,Education,USA,False
USR_0807,2025-07-20,Basic,11-50,Non-profit,USA,False
USR_0808,2025-04-02,Enterprise,201-1000,Tech Startup,USA,True
USR_0809,2025-04-24,Free,1-10,Manufacturing,India,True
USR_0810,2025-05-02,Free,1000+,Education,UK,True
USR_0811,2024-09-05,Basic,11-50,Healthcare,India,False
USR_0812,2024-09-26,Basic,1-10,Government,USA,False
USR_0813,2025-02-24,Pro,11-50,Non-profit,UK,False
USR_0814,2025-06-22,Free,1-10,Healthcare,India,True
USR_0815,2025-04-14,Basic,1-10,Marketing Agency,USA,True
USR_0816,2025-08-25,Pro,201-1000,Tech Startup,France,True
USR_0817,2025-07-18,Free,51-200,Tech Startup,France,True
USR_0818,2025-08-31,Enterprise,1-10,Manufacturing,Australia,True
USR_0819,2025-03-14,Free,11-50,Tech Startup,UK,True
USR_0820,2025-05-01,Pro,201-1000,Consulting Firm,USA,True
USR_0821,2025-08-30,Pro,11-50,Manufacturing,Australia,True
USR_0822,2025-04-20,Enterprise,201-1000,Healthcare,UK,False
USR_0823,2025-06-27,Enterprise,1-10,Education,USA,False
USR_0824,2025-09-06,Free,1-10,Financial Services,UK,True
USR_0825,2025-05-29,Free,1-10,Education,Japan,False
USR_0826,2025-01-09,Basic,51-200,Marketing Agency,USA,True
USR_0827,2025-06-29,Free,51-200,Education,France,True
USR_0828,2025-06-27,Free,51-200,Tech Startup,India,True
USR_0829,2025-08-23,Enterprise,1-10,Healthcare,USA,True
USR_0830,2025-05-11,Free,1-10,E-commerce,Brazil,False
USR_0831,2024-11-02,Pro,1-10,Manufacturing,UK,False
USR_0832,2024-03-07,Pro,11-50,Consulting Firm,France,True
USR_0833,2025-05-23,Pro,51-200,Non-profit,Germany,True
USR_0834,2025-04-17,Free,11-50,Tech Startup,USA,True
USR_0835,2024-02-23,Enterprise,11-50,E-commerce,USA,True
USR_0836,2024-03-24,Free,51-200,Tech Startup,UK,True
USR_0837,2025-05-12,Basic,51-200,Consulting Firm,USA,True
USR_0838,2024-04-24,Pro,201-1000,Marketing Agency,Brazil,False
USR_0839,2025-04-11,Basic,201-1000,Government,USA,True
USR_0840,2024-11-07,Free,1-10,Government,Japan,True
USR_0841,2025-04-10,Pro,11-50,Tech Startup,USA,True
USR_0842,2025-05-14,Free,11-50,Non-profit,France,True
USR_0843,2025-02-07,Free,1-10,Healthcare,Canada,True
USR_0844,2025-07-28,Basic,1-10,Tech Startup,USA,False
USR_0845,2025-09-05,Basic,1-10,Non-profit,USA,True
USR_0846,2025-04-07,Basic,51-200,Healthcare,UK,False
USR_0847,2025-04-14,Basic,1-10,E-commerce,Brazil,True
USR_0848,2025-06-14,Pro,11-50,Marketing Agency,UK,True
USR_0849,2025-04-04,Free,11-50,Healthcare,India,True
USR_0850,2025-05-09,Basic,1-10,Tech Startup,UK,True
USR_0851,2025-06-20,Pro,11-50,Tech Startup,UK,True
USR_0852,2025-01-17,Pro,51-200,Financial Services,India,False
USR_0853,2025-03-15,Pro,51-200,Education,Canada,True
USR_0854,2025-06-06,Basic,11-50,Manufacturing,Canada,True
USR_0855,2025-07-31,Pro,11-50,Government,Germany,True
USR_0856,2025-09-01,Free,1-10,E-commerce,France,False
USR_0857,2025-05-29,Basic,201-1000,Tech Startup,France,True
USR_0858,2025-05-23,Free,1-10,E-commerce,USA,True
USR_0859,2025-06-18,Free,11-50,Marketing Agency,USA,True
USR_0860,2025-03-25,Pro,51-200,E-commerce,Canada,True
USR_0861,2024-04-27,Basic,11-50,E-commerce,USA,True
USR_0862,2024-11-06,Basic,11-50,Manufacturing,Germany,True
USR_0863,2025-07-26,Pro,1-10,Manufacturing,India,True
USR_0864,2025-05-28,Free,51-200,Healthcare,USA,True
USR_0865,2025-07-07,Basic,51-200,Non-profit,Germany,False
USR_0866,2025-02-20,Basic,1000+,Government,Brazil,True
USR_0867,2025-07-14,Free,51-200,Tech Startup,India,False
USR_0868,2025-05-11,Free,1-10,Marketing Agency,Canada,True
USR_0869,2023-12-16,Pro,201-1000,Tech Startup,France,True
USR_0870,2025-06-27,Basic,1-10,Non-profit,Canada,True
USR_0871,2025-08-11,Pro,51-200,Financial Services,Australia,True
USR_0872,2025-05-02,Pro,51-200,Education,Germany,True
USR_0873,2024-05-08,Pro,11-50,Tech Startup,France,False
USR_0874,2024-09-14,Free,201-1000,Government,USA,True
USR_0875,2025-08-26,Free,51-200,Healthcare,UK,True
USR_0876,2025-07-20,Basic,11-50,Financial Services,Australia,True
USR_0877,2024-10-05,Free,1-10,Non-profit,Australia,True
USR_0878,2025-04-04,Free,1-10,E-commerce,Canada,True
USR_0879,2025-01-21,Basic,201-1000,Marketing Agency,USA,True
USR_0880,2025-08-30,Basic,11-50,Education,France,True
USR_0881,2025-03-17,Pro,1-10,Manufacturing,Australia,False
USR_0882,2023-12-15,Pro,11-50,Financial Services,UK,False
USR_0883,2025-02-10,Free,1-10,Education,USA,True
USR_0884,2025-05-31,Free,1-10,Healthcare,USA,True
USR_0885,2025-06-30,Free,11-50,Government,UK,True
USR_0886,2025-09-03,Enterprise,11-50,Education,France,True
USR_0887,2025-06-08,Pro,11-50,Manufacturing,Germany,False
USR_0888,2025-06-04,Pro,11-50,Government,France,True
USR_0889,2025-06-30,Pro,11-50,Manufacturing,Australia,True
USR_0890,2025-07-04,Free,51-200,Tech Startup,USA,True
USR_0891,2024-04-05,Enterprise,11-50,Tech Startup,Japan,True
USR_0892,2025-08-12,Free,51-200,E-commerce,India,False
USR_0893,2025-06-29,Free,11-50,Tech Startup,USA,True
USR_0894,2024-06-23,Free,51-200,Healthcare,Japan,True
USR_0895,2025-05-23,Basic,51-200,Government,Canada,True
USR_0896,2025-07-25,Basic,201-1000,Consulting Firm,USA,False
USR_0897,2025-01-08,Free,11-50,Consulting Firm,USA,False
USR_0898,2024-06-12,Free,11-50,Manufacturing,Canada,False
USR_0899,2025-05-27,Pro,1-10,Consulting Firm,UK,True
USR_0900,2025-07-11,Basic,11-50,Marketing Agency,Australia,True
USR_0901,2025-08-26,Free,11-50,Manufacturing,France,True
USR_0902,2024-03-01,Pro,11-50,Education,USA,True
USR_0903,2025-02-22,Basic,51-200,Non-profit,Germany,True
USR_0904,2024-05-05,Free,51-200,Financial Services,USA,True
USR_0905,2024-09-21,Basic,11-50,Non-profit,India,False
USR_0906,2025-05-19,Basic,11-50,E-commerce,Australia,True
USR_0907,2024-09-13,Enterprise,11-50,Manufacturing,USA,True
USR_0908,2024-08-29,Free,1-10,E-commerce,USA,False
USR_0909,2025-04-30,Free,11-50,Consulting Firm,USA,True
USR_0910,2025-08-12,Free,51-200,Manufacturing,USA,True
USR_0911,2025-06-13,Pro,1-10,Government,USA,True
USR_0912,2025-05-22,Free,11-50,Consulting Firm,UK,True
USR_0913,2024-01-29,Basic,51-200,Tech Startup,USA,False
USR_0914,2025-08-11,Basic,11-50,Education,UK,True
USR_0915,2025-04-11,Free,11-50,Tech Startup,Japan,True
USR_0916,2025-05-01,Pro,51-200,Healthcare,Brazil,True
USR_0917,2024-05-13,Free,11-50,Non-profit,Brazil,True
USR_0918,2025-04-03,Free,1-10,Tech Startup,Japan,True
USR_0919,2025-04-04,Free,1-10,Education,USA,True
USR_0920,2025-08-15,Pro,11-50,Manufacturing,Canada,True
USR_0921,2025-06-21,Pro,11-50,Consulting Firm,Brazil,True
USR_0922,2025-08-06,Enterprise,11-50,Tech Startup,USA,True
USR_0923,2025-02-08,Pro,1-10,Marketing Agency,USA,True
USR_0924,2025-04-22,Basic,1-10,Education,USA,True
USR_0925,2024-10-06,Free,1-10,Financial Services,France,True
USR_0926,2023-09-07,Basic,11-50,Financial Services,India,True
USR_0927,2024-07-26,Free,1-10,Financial Services,USA,True
USR_0928,2024-11-24,Free,51-200,Healthcare,USA,True
USR_0929,2025-07-14,Free,11-50,Education,UK,False
USR_0930,2025-04-07,Pro,1-10,Marketing Agency,India,True
USR_0931,2025-01-21,Free,1-10,Education,USA,True
USR_0932,2025-01-21,Free,11-50,Marketing Agency,USA,True
USR_0933,2024-07-27,Enterprise,11-50,Marketing Agency,UK,True
USR_0934,2025-07-11,Pro,1-10,E-commerce,India,True
USR_0935,2025-01-02,Free,201-1000,Marketing Agency,USA,False
USR_0936,2025-04-29,Pro,11-50,Government,Australia,True
USR_0937,2025-09-06,Pro,11-50,Manufacturing,France,True
USR_0938,2025-03-27,Pro,1-10,Education,India,True
USR_0939,2025-07-24,Free,1000+,Consulting Firm,USA,True
USR_0940,2025-07-23,Free,201-1000,Government,USA,True
USR_0941,2025-07-25,Basic,51-200,Consulting Firm,USA,False
USR_0942,2024-09-02,Basic,11-50,Healthcare,USA,True
USR_0943,2025-07-12,Basic,51-200,E-commerce,Australia,True
USR_0944,2025-03-04,Free,1-10,Tech Startup,France,True
USR_0945,2025-06-04,Free,51-200,Government,UK,True
USR_0946,2024-09-14,Pro,1000+,Healthcare,France,False
USR_0947,2025-07-22,Basic,11-50,Financial Services,UK,True
USR_0948,2025-05-28,Basic,1-10,Financial Services,USA,True
USR_0949,2024-08-07,Basic,11-50,Marketing Agency,UK,True
USR_0950,2025-05-22,Free,201-1000,E-commerce,USA,True
USR_0951,2025-05-17,Free,201-1000,Education,France,True
USR_0952,2024-12-11,Pro,51-200,Non-profit,UK,True
USR_0953,2025-05-05,Pro,1-10,Marketing Agency,UK,True
USR_0954,2025-03-07,Free,11-50,Government,USA,True
USR_0955,2023-09-07,Free,1-10,Education,USA,False
USR_0956,2025-04-24,Basic,1-10,Manufacturing,UK,True
USR_0957,2025-01-05,Basic,11-50,Government,USA,True
USR_0958,2025-07-14,Free,201-1000,Marketing Agency,Japan,True
USR_0959,2025-05-02,Basic,201-1000,Education,Germany,True
USR_0960,2023-09-07,Free,1-10,E-commerce,France,False
USR_0961,2025-08-23,Free,11-50,Education,Japan,True
USR_0962,2024-10-31,Basic,11-50,Consulting Firm,UK,True
USR_0963,2024-12-17,Pro,11-50,Consulting Firm,USA,True
USR_0964,2025-03-29,Pro,201-1000,Marketing Agency,UK,False
USR_0965,2025-03-06,Free,11-50,Tech Startup,USA,False
USR_0966,2023-09-23,Basic,51-200,Healthcare,France,True
USR_0967,2025-07-12,Free,1-10,Tech Startup,USA,True
USR_0968,2025-01-23,Enterprise,1000+,Healthcare,India,True
USR_0969,2025-05-04,Basic,1-10,Non-profit,India,True
USR_0970,2025-04-15,Free,1-10,Consulting Firm,Germany,True
USR_0971,2025-01-20,Basic,11-50,Marketing Agency,USA,True
USR_0972,2025-08-20,Pro,11-50,E-commerce,USA,True
USR_0973,2025-08-27,Basic,51-200,Education,USA,True
USR_0974,2024-11-02,Free,11-50,Financial Services,Japan,True
USR_0975,2025-07-14,Pro,51-200,Healthcare,India,True
USR_0976,2025-07-08,Basic,11-50,Non-profit,India,False
USR_0977,2025-03-12,Free,1-10,Consulting Firm,Germany,True
USR_0978,2024-12-10,Free,51-200,Marketing Agency,USA,True
USR_0979,2024-09-29,Free,11-50,Tech Startup,UK,True
USR_0980,2024-03-01,Free,51-200,Manufacturing,USA,True
USR_0981,2025-05-06,Pro,1-10,Government,Australia,True
USR_0982,2024-06-26,Free,11-50,Education,India,True
USR_0983,2025-06-20,Pro,11-50,E-commerce,UK,True
USR_0984,2023-09-07,Free,1-10,Government,USA,False
USR_0985,2025-05-19,Free,201-1000,Tech Startup,USA,True
USR_0986,2024-07-06,Free,1000+,Marketing Agency,France,True
USR_0987,2025-04-27,Basic,1-10,Education,USA,True
USR_0988,2025-04-29,Basic,1-10,Consulting Firm,USA,True
USR_0989,2025-07-29,Free,1-10,E-commerce,USA,True
USR_0990,2025-08-13,Free,1-10,E-commerce,France,True
USR_0991,2025-07-13,Free,11-50,Consulting Firm,India,False
USR_0992,2025-08-05,Basic,51-200,Tech Startup,Japan,True
USR_0993,2025-07-18,Pro,1-10,Consulting Firm,India,False
USR_0994,2025-05-22,Basic,1-10,Consulting Firm,Germany,True
USR_0995,2025-05-22,Pro,1000+,Government,Australia,True
USR_0996,2025-08-25,Free,201-1000,Marketing Agency,France,True
USR_0997,2025-01-20,Free,11-50,Marketing Agency,UK,True
USR_0998,2024-07-22,Pro,1000+,Marketing Agency,Germany,True
USR_0999,2025-09-03,Pro,1-10,Government,USA,False
USR_1000,2025-08-23,Basic,51-200,E-commerce,Brazil,True
USR_1001,2024-11-25,Free,1000+,Non-profit,USA,True
USR_1002,2025-04-26,Free,51-200,Government,Canada,True
USR_1003,2025-06-23,Enterprise,11-50,Non-profit,France,False
USR_1004,2025-08-11,Free,1-10,Education,USA,True
USR_1005,2025-04-03,Pro,11-50,Healthcare,UK,True
USR_1006,2025-01-12,Free,11-50,Healthcare,UK,True
USR_1007,2025-04-02,Free,1-10,Non-profit,India,True
USR_1008,2024-11-24,Basic,201-1000,Tech Startup,France,True
USR_1009,2024-06-29,Free,11-50,E-commerce,USA,False
USR_1010,2025-07-20,Free,51-200,Financial Services,India,False
USR_1011,2025-07-30,Pro,51-200,Financial Services,France,False
USR_1012,2025-03-10,Basic,11-50,Marketing Agency,USA,True
USR_1013,2025-01-21,Basic,51-200,Manufacturing,Canada,True
USR_1014,2025-06-20,Basic,1-10,Tech Startup,Canada,True
USR_1015,2024-09-08,Basic,11-50,Marketing Agency,USA,True
USR_1016,2025-06-18,Enterprise,11-50,Tech Startup,USA,True
USR_1017,2024-09-05,Pro,1-10,Marketing Agency,Germany,True
USR_1018,2025-07-30,Basic,1-10,Education,India,True
USR_1019,2025-05-09,Pro,11-50,Consulting Firm,USA,True
USR_1020,2025-08-18,Basic,11-50,Healthcare,USA,True
USR_1021,2025-05-16,Pro,201-1000,Government,Canada,True
USR_1022,2025-08-21,Enterprise,51-200,Tech Startup,France,True
USR_1023,2025-07-02,Enterprise,1000+,Non-profit,France,False
USR_1024,2025-02-17,Basic,201-1000,Non-profit,USA,True
USR_1025,2023-09-07,Free,51-200,Manufacturing,India,False
USR_1026,2025-03-09,Free,1-10,Non-profit,USA,False
USR_1027,2024-01-09,Free,11-50,Manufacturing,Japan,False
USR_1028,2025-06-04,Enterprise,51-200,Non-profit,USA,True
USR_1029,2025-03-10,Pro,11-50,Healthcare,India,True
USR_1030,2024-03-26,Basic,51-200,E-commerce,USA,True
USR_1031,2025-02-08,Free,1-10,Manufacturing,India,True
USR_1032,2024-11-16,Pro,1-10,Healthcare,USA,True
USR_1033,2025-04-20,Basic,11-50,Healthcare,Japan,True
USR_1034,2025-05-04,Free,51-200,Consulting Firm,USA,True
USR_1035,2025-06-23,Enterprise,201-1000,E-commerce,UK,True
USR_1036,2025-02-11,Basic,51-200,Education,USA,False
USR_1037,2025-04-21,Pro,1-10,Non-profit,USA,True
USR_1038,2024-12-21,Basic,1-10,Non-profit,India,False
USR_1039,2023-10-12,Basic,11-50,Education,India,True
USR_1040,2025-02-19,Pro,1-10,Government,India,True
USR_1041,2025-08-20,Free,201-1000,Non-profit,USA,True
USR_1042,2025-03-18,Enterprise,201-1000,E-commerce,USA,True
USR_1043,2025-06-29,Pro,51-200,Marketing Agency,India,True
USR_1044,2025-08-13,Basic,1-10,Marketing Agency,UK,False
USR_1045,2025-04-03,Free,1-10,Manufacturing,UK,False
USR_1046,2025-04-21,Free,51-200,Manufacturing,USA,False
USR_1047,2025-06-24,Free,11-50,Non-profit,USA,True
USR_1048,2025-04-06,Free,51-200,Healthcare,UK,True
USR_1049,2023-10-17,Pro,1-10,Government,USA,True
USR_1050,2025-07-26,Basic,201-1000,Financial Services,USA,True
USR_1051,2025-02-17,Free,1-10,Non-profit,UK,True
USR_1052,2025-01-13,Free,51-200,Education,Canada,False
USR_1053,2025-06-24,Basic,1-10,Marketing Agency,Germany,True
USR_1054,2024-11-03,Basic,1-10,Government,Canada,True
USR_1055,2025-07-09,Free,11-50,E-commerce,USA,True
USR_1056,2024-04-06,Enterprise,11-50,E-commerce,UK,True
USR_1057,2025-01-31,Basic,1000+,E-commerce,France,True
USR_1058,2025-07-28,Free,11-50,Tech Startup,Australia,True
USR_1059,2025-07-04,Free,1-10,Healthcare,USA,False
USR_1060,2025-07-29,Free,11-50,E-commerce,Canada,False
USR_1061,2025-03-08,Pro,11-50,Financial Services,Japan,True
USR_1062,2025-08-15,Pro,1-10,Education,Canada,False
USR_1063,2025-08-03,Basic,1-10,Manufacturing,USA,True
USR_1064,2025-08-31,Pro,51-200,Consulting Firm,France,True
USR_1065,2024-06-01,Free,51-200,Healthcare,USA,True
USR_1066,2025-06-04,Enterprise,1-10,Government,USA,True
USR_1067,2025-07-09,Free,1-10,Education,UK,True
USR_1068,2025-08-04,Free,11-50,Manufacturing,UK,True
USR_1069,2025-08-16,Free,1-10,Education,USA,True
USR_1070,2025-08-09,Basic,11-50,Marketing Agency,Japan,True
USR_1071,2025-03-07,Free,201-1000,Non-profit,Brazil,True
USR_1072,2025-09-06,Pro,11-50,Government,USA,False
USR_1073,2025-07-14,Free,11-50,Financial Services,France,False
USR_1074,2025-02-06,Free,201-1000,Tech Startup,India,True
USR_1075,2025-06-16,Free,1-10,Marketing Agency,Canada,True
USR_1076,2024-11-12,Free,1-10,Healthcare,USA,False
USR_1077,2024-12-07,Free,11-50,Healthcare,Germany,True
USR_1078,2025-06-13,Pro,11-50,Financial Services,India,False
USR_1079,2024-06-09,Free,11-50,Government,UK,True
USR_1080,2025-08-04,Free,1-10,Non-profit,UK,True
USR_1081,2025-06-24,Free,11-50,Consulting Firm,USA,False
USR_1082,2025-02-17,Enterprise,201-1000,Consulting Firm,India,True
USR_1083,2023-11-14,Pro,11-50,Education,India,True
USR_1084,2024-07-20,Pro,51-200,Marketing Agency,UK,False
USR_1085,2024-01-28,Pro,11-50,Tech Startup,India,True
USR_1086,2024-10-26,Basic,51-200,E-commerce,USA,True
USR_1087,2024-09-07,Basic,1000+,Marketing Agency,USA,True
USR_1088,2024-01-15,Pro,1000+,Marketing Agency,India,True
USR_1089,2025-08-22,Pro,11-50,Financial Services,USA,True
USR_1090,2025-08-05,Basic,11-50,Financial Services,Canada,True
USR_1091,2024-10-01,Pro,11-50,Education,USA,True
USR_1092,2024-05-07,Pro,11-50,Healthcare,USA,True
USR_1093,2025-01-28,Free,1-10,Financial Services,USA,False
USR_1094,2025-06-04,Basic,1-10,Tech Startup,Japan,True
USR_1095,2025-07-12,Basic,1-10,Financial Services,USA,True
USR_1096,2025-05-18,Free,1-10,E-commerce,France,False
USR_1097,2025-06-01,Free,1-10,Financial Services,Germany,True
USR_1098,2025-09-05,Basic,1-10,Manufacturing,Australia,True
USR_1099,2025-05-22,Enterprise,201-1000,Manufacturing,USA,False
USR_1100,2024-07-08,Basic,11-50,Marketing Agency,Germany,True
USR_1101,2025-08-05,Basic,51-200,Healthcare,USA,False
USR_1102,2024-06-25,Free,1-10,Healthcare,Germany,False
USR_1103,2025-08-27,Free,1-10,Non-profit,Germany,False
USR_1104,2025-01-12,Basic,1000+,Manufacturing,USA,True
USR_1105,2025-08-21,Basic,51-200,Tech Startup,Japan,True
USR_1106,2025-05-05,Free,11-50,Government,UK,True
USR_1107,2024-11-24,Basic,1000+,Consulting Firm,UK,True
USR_1108,2025-06-02,Free,51-200,Manufacturing,Canada,True
USR_1109,2025-05-30,Free,201-1000,Marketing Agency,India,True
USR_1110,2024-08-09,Free,11-50,Financial Services,UK,True
USR_1111,2024-03-25,Pro,1-10,Government,USA,True
USR_1112,2025-07-16,Basic,1-10,Education,Germany,True
USR_1113,2025-08-15,Free,11-50,Education,USA,True
USR_1114,2025-08-31,Basic,11-50,Education,UK,True
USR_1115,2025-04-15,Pro,1000+,Tech Startup,USA,True
USR_1116,2025-03-25,Free,51-200,Education,France,False
USR_1117,2025-02-07,Pro,201-1000,Consulting Firm,India,True
USR_1118,2025-04-20,Free,201-1000,E-commerce,France,True
USR_1119,2025-05-22,Pro,11-50,Marketing Agency,Australia,True
USR_1120,2025-04-19,Pro,51-200,Consulting Firm,UK,True
USR_1121,2025-09-04,Free,11-50,Marketing Agency,UK,False
USR_1122,2025-08-05,Free,1-10,Manufacturing,Canada,True
USR_1123,2024-01-06,Free,11-50,Non-profit,USA,True
USR_1124,2024-01-22,Basic,1000+,Financial Services,USA,True
USR_1125,2024-11-14,Pro,201-1000,Manufacturing,USA,False
USR_1126,2025-07-27,Pro,1-10,Marketing Agency,USA,True
USR_1127,2025-01-09,Basic,11-50,Manufacturing,USA,False
USR_1128,2025-09-02,Pro,11-50,Healthcare,Germany,False
USR_1129,2024-05-25,Free,1-10,Manufacturing,India,True
USR_1130,2025-08-26,Pro,11-50,Education,India,False
USR_1131,2025-07-12,Basic,1-10,Tech Startup,UK,True
USR_1132,2025-05-24,Free,11-50,E-commerce,USA,True
USR_1133,2025-09-02,Free,11-50,E-commerce,Brazil,True
USR_1134,2025-06-28,Free,11-50,Healthcare,USA,False
USR_1135,2025-08-15,Basic,11-50,Government,Germany,True
USR_1136,2025-08-23,Pro,1-10,Financial Services,USA,True
USR_1137,2025-04-08,Pro,201-1000,Education,USA,True
USR_1138,2025-06-03,Basic,1-10,Government,USA,True
USR_1139,2025-08-02,Basic,11-50,Tech Startup,Australia,True
USR_1140,2025-08-15,Free,201-1000,Tech Startup,UK,True
USR_1141,2024-04-04,Free,11-50,Marketing Agency,USA,True
USR_1142,2025-04-21,Pro,11-50,Manufacturing,USA,True
USR_1143,2025-08-27,Basic,11-50,Non-profit,USA,True
USR_1144,2025-05-04,Pro,1-10,Education,UK,True
USR_1145,2024-11-03,Free,51-200,Government,Australia,True
USR_1146,2024-11-04,Basic,201-1000,Non-profit,Germany,True
USR_1147,2024-07-06,Basic,1-10,Marketing Agency,Australia,False
USR_1148,2025-05-06,Pro,1-10,E-commerce,France,True
USR_1149,2024-08-01,Basic,1-10,Marketing Agency,USA,True
USR_1150,2025-07-19,Basic,1-10,Education,USA,True
USR_1151,2025-04-12,Free,51-200,Healthcare,Australia,False
USR_1152,2024-12-26,Free,51-200,Marketing Agency,India,True
USR_1153,2025-03-03,Pro,1-10,Manufacturing,India,True
USR_1154,2025-07-16,Basic,11-50,Tech Startup,USA,False
USR_1155,2025-07-02,Basic,1-10,Manufacturing,USA,True
USR_1156,2025-07-26,Pro,51-200,Government,India,True
USR_1157,2025-01-06,Basic,11-50,Government,Canada,True
USR_1158,2025-09-02,Free,1-10,Education,UK,False
USR_1159,2024-05-16,Basic,51-200,Financial Services,USA,True
USR_1160,2025-05-25,Free,1-10,Manufacturing,Canada,True
USR_1161,2025-05-26,Free,1-10,Tech Startup,India,False
USR_1162,2025-01-03,Free,11-50,Education,USA,True
USR_1163,2024-01-29,Pro,11-50,Marketing Agency,USA,True
USR_1164,2025-08-07,Basic,51-200,Marketing Agency,India,True
USR_1165,2025-08-09,Pro,51-200,Consulting Firm,India,True
USR_1166,2023-09-07,Basic,1-10,Consulting Firm,Canada,True
USR_1167,2025-04-12,Free,1-10,Manufacturing,Japan,True
USR_1168,2025-08-02,Pro,11-50,Tech Startup,Germany,True
USR_1169,2025-08-25,Enterprise,11-50,Government,Japan,True
USR_1170,2024-08-19,Free,1-10,E-commerce,Germany,True
USR_1171,2025-05-28,Free,51-200,Marketing Agency,Germany,True
USR_1172,2025-05-29,Basic,11-50,E-commerce,India,False
USR_1173,2024-11-16,Pro,11-50,Government,USA,True
USR_1174,2025-06-30,Basic,1-10,Manufacturing,USA,True
USR_1175,2025-04-25,Free,1-10,Government,Canada,True
USR_1176,2024-12-01,Pro,1000+,Financial Services,USA,True
USR_1177,2024-12-13,Free,1-10,E-commerce,India,True
USR_1178,2025-08-27,Basic,201-1000,Consulting Firm,France,True
USR_1179,2025-04-27,Enterprise,1000+,Education,USA,True
USR_1180,2025-04-28,Free,1000+,Financial Services,Brazil,True
USR_1181,2025-04-30,Pro,201-1000,Marketing Agency,Canada,True
USR_1182,2025-02-18,Free,11-50,Marketing Agency,USA,True
USR_1183,2025-08-21,Pro,1-10,Government,USA,True
USR_1184,2025-06-06,Pro,11-50,Manufacturing,India,False
USR_1185,2025-09-03,Free,11-50,Non-profit,India,True
USR_1186,2025-08-24,Pro,1000+,Government,USA,True
USR_1187,2025-01-23,Free,11-50,Non-profit,Brazil,True
USR_1188,2025-08-22,Basic,11-50,Financial Services,USA,True
USR_1189,2025-08-01,Basic,51-200,Healthcare,Australia,True
USR_1190,2025-06-28,Basic,201-1000,Education,USA,False
USR_1191,2025-05-11,Basic,11-50,Marketing Agency,India,False
USR_1192,2025-05-10,Free,1-10,Government,USA,True
USR_1193,2025-07-21,Free,1-10,Consulting Firm,USA,True
USR_1194,2025-07-21,Pro,201-1000,Healthcare,USA,True
USR_1195,2024-05-23,Basic,11-50,E-commerce,Canada,False
USR_1196,2025-03-18,Basic,201-1000,Healthcare,India,False
USR_1197,2025-04-16,Basic,11-50,Non-profit,France,True
USR_1198,2025-06-29,Free,11-50,Consulting Firm,USA,True
USR_1199,2025-08-28,Basic,11-50,Education,USA,True
USR_1200,2025-04-20,Free,1-10,Tech Startup,Australia,True
USR_1201,2025-07-21,Pro,1-10,Marketing Agency,USA,False
USR_1202,2025-08-20,Basic,201-1000,Healthcare,USA,True
USR_1203,2025-05-01,Free,1000+,Marketing Agency,USA,True
USR_1204,2024-10-08,Free,51-200,Manufacturing,USA,True
USR_1205,2025-04-04,Basic,51-200,Non-profit,Canada,True
USR_1206,2025-02-17,Basic,51-200,Non-profit,India,False
USR_1207,2025-07-03,Basic,11-50,Education,USA,False
USR_1208,2025-07-19,Free,1-10,E-commerce,Germany,True
USR_1209,2024-06-27,Free,11-50,Non-profit,USA,False
USR_1210,2024-12-18,Free,11-50,Consulting Firm,India,True
USR_1211,2025-02-15,Free,1-10,Non-profit,USA,True
USR_1212,2025-05-03,Pro,1-10,Consulting Firm,India,True
USR_1213,2025-01-07,Free,201-1000,Financial Services,Canada,True
USR_1214,2025-01-12,Basic,1-10,Consulting Firm,France,True
USR_1215,2025-04-01,Basic,11-50,Marketing Agency,Japan,True
USR_1216,2024-09-13,Free,11-50,Non-profit,USA,False
USR_1217,2025-06-11,Pro,1-10,Tech Startup,USA,True
USR_1218,2024-10-23,Free,11-50,Non-profit,UK,True
USR_1219,2024-11-18,Free,201-1000,Government,UK,True
USR_1220,2025-07-08,Basic,11-50,Manufacturing,USA,True
USR_1221,2025-07-18,Pro,11-50,Financial Services,UK,True
USR_1222,2025-08-23,Basic,1-10,Tech Startup,Germany,True
USR_1223,2025-06-25,Pro,11-50,Marketing Agency,Germany,True
USR_1224,2025-02-27,Basic,11-50,Non-profit,Japan,True
USR_1225,2024-12-26,Basic,1-10,Government,Germany,False
USR_1226,2025-08-29,Free,201-1000,Financial Services,USA,False
USR_1227,2023-09-07,Free,11-50,Manufacturing,USA,True
USR_1228,2024-08-18,Basic,51-200,Manufacturing,USA,True
USR_1229,2025-08-06,Pro,11-50,Non-profit,USA,True
USR_1230,2025-08-16,Pro,11-50,Education,India,True
USR_1231,2025-05-11,Free,1-10,Marketing Agency,Brazil,True
USR_1232,2025-05-18,Basic,1-10,Education,Australia,False
USR_1233,2025-03-13,Basic,1-10,Consulting Firm,France,True
USR_1234,2025-04-07,Free,11-50,Financial Services,India,True
USR_1235,2025-08-23,Free,51-200,Healthcare,India,True
USR_1236,2024-10-30,Basic,11-50,E-commerce,USA,True
USR_1237,2025-08-24,Pro,11-50,Consulting Firm,France,True
USR_1238,2024-09-18,Basic,1-10,Financial Services,India,False
USR_1239,2025-06-22,Pro,11-50,Financial Services,UK,False
USR_1240,2024-12-15,Free,11-50,Tech Startup,Japan,True
USR_1241,2025-06-30,Basic,11-50,Consulting Firm,Germany,True
USR_1242,2025-05-04,Basic,11-50,Non-profit,Australia,False
USR_1243,2024-11-12,Pro,1-10,Healthcare,Australia,False
USR_1244,2024-03-25,Free,1-10,Government,USA,False
USR_1245,2025-07-06,Basic,11-50,Consulting Firm,Canada,False
USR_1246,2025-05-20,Free,1-10,Financial Services,India,False
USR_1247,2025-08-18,Free,1-10,Manufacturing,Brazil,False
USR_1248,2025-07-18,Free,11-50,Education,USA,False
USR_1249,2025-04-17,Basic,11-50,Tech Startup,UK,True
USR_1250,2025-04-18,Free,11-50,Consulting Firm,France,True
USR_1251,2024-12-28,Enterprise,51-200,Manufacturing,Germany,True
USR_1252,2024-10-27,Free,11-50,Government,USA,True
USR_1253,2025-05-25,Pro,201-1000,Government,Canada,True
USR_1254,2023-09-13,Enterprise,201-1000,Non-profit,USA,True
USR_1255,2025-02-19,Free,51-200,Education,USA,True
USR_1256,2025-05-22,Basic,201-1000,Government,Japan,True
USR_1257,2025-09-02,Basic,201-1000,Healthcare,USA,False
USR_1258,2025-03-23,Basic,1-10,Tech Startup,UK,False
USR_1259,2024-09-22,Pro,201-1000,Financial Services,India,True
USR_1260,2025-08-23,Free,11-50,Government,Japan,True
USR_1261,2025-05-09,Free,11-50,Financial Services,Germany,True
USR_1262,2025-06-14,Basic,1-10,Marketing Agency,India,True
USR_1263,2024-11-30,Free,1000+,Tech Startup,USA,True
USR_1264,2025-08-25,Enterprise,1-10,Marketing Agency,UK,False
USR_1265,2025-07-17,Basic,11-50,Consulting Firm,USA,True
USR_1266,2025-01-08,Free,11-50,Non-profit,USA,True
USR_1267,2025-08-22,Enterprise,51-200,E-commerce,USA,True
USR_1268,2025-04-22,Pro,11-50,Education,USA,True
USR_1269,2025-08-13,Free,11-50,Healthcare,France,False
USR_1270,2025-06-26,Free,11-50,Healthcare,USA,False
USR_1271,2023-09-07,Pro,1-10,Government,USA,True
USR_1272,2025-02-27,Free,1-10,Financial Services,Canada,True
USR_1273,2025-04-03,Free,201-1000,Marketing Agency,UK,True
USR_1274,2025-05-30,Free,1-10,Financial Services,UK,True
USR_1275,2025-03-30,Free,11-50,Financial Services,Australia,False
USR_1276,2025-04-03,Basic,1-10,Tech Startup,USA,True
USR_1277,2025-08-22,Free,11-50,Healthcare,USA,True
USR_1278,2024-07-27,Basic,1-10,Marketing Agency,Germany,True
USR_1279,2025-05-15,Basic,11-50,E-commerce,UK,True
USR_1280,2025-08-24,Free,11-50,Tech Startup,India,True
USR_1281,2025-04-18,Free,1-10,Government,Germany,True
USR_1282,2025-07-31,Basic,1-10,Healthcare,Canada,True
USR_1283,2025-07-02,Basic,51-200,Marketing Agency,USA,True
USR_1284,2025-05-28,Pro,51-200,Consulting Firm,USA,True
USR_1285,2025-07-09,Free,11-50,E-commerce,UK,False
USR_1286,2024-02-23,Pro,51-200,Non-profit,USA,True
USR_1287,2025-08-15,Basic,11-50,Consulting Firm,France,True
USR_1288,2025-08-19,Free,1000+,E-commerce,USA,True
USR_1289,2025-05-12,Free,201-1000,Tech Startup,Canada,False
USR_1290,2025-03-01,Basic,11-50,Healthcare,USA,False
USR_1291,2025-04-30,Free,11-50,Government,USA,True
USR_1292,2025-09-05,Free,1-10,Tech Startup,UK,True
USR_1293,2025-06-05,Basic,11-50,Healthcare,Brazil,False
USR_1294,2024-05-07,Pro,51-200,Manufacturing,Germany,False
USR_1295,2025-08-23,Free,201-1000,Financial Services,Canada,True
USR_1296,2023-12-06,Free,51-200,Government,Brazil,True
USR_1297,2025-06-27,Basic,201-1000,E-commerce,USA,True
USR_1298,2024-01-28,Pro,11-50,E-commerce,UK,True
USR_1299,2024-12-04,Free,51-200,Government,Germany,True
USR_1300,2025-06-19,Basic,11-50,Financial Services,India,True
USR_1301,2025-07-11,Free,51-200,Education,UK,False
USR_1302,2025-02-01,Pro,11-50,Government,India,True
USR_1303,2024-08-28,Pro,11-50,Non-profit,USA,True
USR_1304,2024-12-08,Free,51-200,Consulting Firm,USA,True
USR_1305,2025-05-04,Pro,11-50,Healthcare,UK,True
USR_1306,2025-05-02,Basic,51-200,Financial Services,USA,True
USR_1307,2025-06-21,Free,11-50,Financial Services,India,True
USR_1308,2025-01-11,Free,1000+,Financial Services,USA,True
USR_1309,2025-09-05,Free,11-50,E-commerce,Australia,True
USR_1310,2025-01-20,Basic,51-200,Non-profit,Canada,True
USR_1311,2024-10-28,Basic,11-50,Non-profit,India,True
USR_1312,2024-07-28,Free,1000+,Financial Services,USA,False
USR_1313,2025-07-09,Basic,1-10,Healthcare,USA,False
USR_1314,2024-10-11,Pro,51-200,Education,India,True
USR_1315,2025-07-05,Pro,51-200,Education,USA,True
USR_1316,2025-06-29,Pro,1000+,Non-profit,USA,True
USR_1317,2025-08-20,Pro,11-50,Education,France,False
USR_1318,2025-05-25,Pro,51-200,E-commerce,USA,True
USR_1319,2024-08-11,Pro,201-1000,Manufacturing,USA,True
USR_1320,2025-08-27,Free,11-50,Non-profit,UK,True
USR_1321,2025-08-05,Basic,11-50,E-commerce,UK,True
USR_1322,2024-12-09,Free,201-1000,Financial Services,Australia,False
USR_1323,2025-01-22,Basic,11-50,Manufacturing,France,False
USR_1324,2025-07-04,Free,51-200,Consulting Firm,Germany,True
USR_1325,2024-09-03,Free,51-200,Financial Services,UK,True
USR_1326,2025-04-04,Pro,1000+,Tech Startup,USA,False
USR_1327,2025-04-23,Basic,11-50,Manufacturing,USA,True
USR_1328,2025-03-16,Pro,11-50,Non-profit,USA,False
USR_1329,2025-04-02,Free,11-50,Government,India,True
USR_1330,2025-01-26,Free,1-10,Manufacturing,Canada,True
USR_1331,2025-09-01,Basic,51-200,Consulting Firm,USA,True
USR_1332,2025-06-27,Basic,1-10,Government,USA,False
USR_1333,2025-07-23,Pro,11-50,Consulting Firm,Germany,False
USR_1334,2025-09-05,Pro,201-1000,Financial Services,USA,True
USR_1335,2025-01-28,Basic,51-200,Education,USA,True
USR_1336,2024-11-11,Free,11-50,Healthcare,UK,True
USR_1337,2025-04-03,Free,51-200,Financial Services,Australia,True
USR_1338,2025-05-17,Basic,1-10,Marketing Agency,Brazil,True
USR_1339,2025-05-23,Pro,201-1000,Education,USA,True
USR_1340,2025-07-14,Pro,201-1000,E-commerce,USA,True
USR_1341,2025-04-04,Pro,201-1000,Manufacturing,Germany,True
USR_1342,2025-06-13,Free,51-200,Education,France,True
USR_1343,2025-06-28,Free,1-10,Consulting Firm,Germany,True
USR_1344,2025-05-26,Pro,11-50,E-commerce,India,True
USR_1345,2024-04-03,Basic,11-50,Education,UK,True
USR_1346,2025-06-09,Free,1000+,Government,France,True
USR_1347,2025-09-06,Pro,1-10,Manufacturing,USA,True
USR_1348,2025-08-14,Enterprise,11-50,Healthcare,USA,True
USR_1349,2024-09-24,Free,1-10,Non-profit,Canada,True
USR_1350,2025-05-11,Basic,11-50,Marketing Agency,Brazil,False
USR_1351,2025-04-09,Free,11-50,Manufacturing,France,True
USR_1352,2024-09-24,Pro,1-10,Non-profit,Canada,True
USR_1353,2025-08-13,Pro,1-10,Healthcare,USA,True
USR_1354,2025-03-23,Basic,11-50,Non-profit,Germany,True
USR_1355,2025-08-25,Basic,51-200,Consulting Firm,India,True
USR_1356,2024-06-24,Free,11-50,Manufacturing,India,True
USR_1357,2025-05-06,Basic,11-50,Financial Services,USA,True
USR_1358,2025-08-27,Free,1-10,Non-profit,USA,False
USR_1359,2025-07-29,Free,11-50,Manufacturing,Germany,False
USR_1360,2024-12-31,Free,11-50,Marketing Agency,UK,True
USR_1361,2025-06-10,Basic,51-200,Government,UK,False
USR_1362,2025-08-17,Pro,1-10,Marketing Agency,USA,True
USR_1363,2025-08-08,Basic,51-200,E-commerce,France,True
USR_1364,2024-07-25,Enterprise,11-50,Healthcare,India,True
USR_1365,2025-07-23,Free,51-200,Tech Startup,Japan,True
USR_1366,2024-11-24,Free,11-50,Financial Services,Canada,True
USR_1367,2025-08-28,Free,1-10,Government,USA,True
USR_1368,2025-06-03,Basic,51-200,Education,USA,False
USR_1369,2025-07-14,Pro,201-1000,Financial Services,USA,False
USR_1370,2024-12-16,Basic,11-50,Education,UK,True
USR_1371,2025-06-20,Enterprise,201-1000,Financial Services,Canada,True
USR_1372,2024-07-16,Free,11-50,Government,Brazil,True
USR_1373,2024-03-15,Free,11-50,Financial Services,Australia,False
USR_1374,2024-06-22,Pro,1000+,Government,Australia,True
USR_1375,2025-07-14,Enterprise,201-1000,Healthcare,USA,True
USR_1376,2025-03-23,Pro,1-10,Consulting Firm,USA,True
USR_1377,2025-08-31,Pro,11-50,Non-profit,Australia,True
USR_1378,2025-01-27,Free,1-10,Financial Services,USA,True
USR_1379,2025-06-28,Pro,1-10,Financial Services,India,True
USR_1380,2025-07-22,Free,11-50,Non-profit,Japan,True
USR_1381,2025-07-14,Free,51-200,Non-profit,France,True
USR_1382,2025-08-19,Pro,11-50,Financial Services,USA,False
USR_1383,2025-08-20,Basic,1-10,E-commerce,India,True
USR_1384,2025-04-26,Basic,11-50,Education,Germany,True
USR_1385,2024-07-29,Basic,51-200,E-commerce,Germany,True
USR_1386,2025-01-03,Free,1-10,Financial Services,India,True
USR_1387,2025-03-20,Free,51-200,Non-profit,India,True
USR_1388,2025-07-11,Pro,11-50,Manufacturing,Japan,True
USR_1389,2025-08-30,Pro,11-50,Healthcare,France,True
USR_1390,2024-09-04,Free,1-10,Non-profit,France,False
USR_1391,2025-02-28,Pro,11-50,Financial Services,USA,True
USR_1392,2025-04-15,Basic,1-10,Healthcare,Japan,True
USR_1393,2025-05-11,Free,11-50,Government,USA,True
USR_1394,2025-01-23,Free,11-50,Non-profit,USA,True
USR_1395,2025-04-01,Free,11-50,Manufacturing,Canada,False
USR_1396,2025-01-08,Pro,11-50,Consulting Firm,Brazil,True
USR_1397,2025-08-28,Pro,201-1000,E-commerce,Germany,False
USR_1398,2025-04-22,Pro,1-10,Tech Startup,USA,False
USR_1399,2024-12-21,Free,1000+,Manufacturing,Japan,True
USR_1400,2025-07-29,Basic,51-200,Government,USA,False
USR_1401,2025-02-22,Basic,1-10,Manufacturing,USA,False
USR_1402,2025-03-28,Pro,1000+,Healthcare,USA,True
USR_1403,2025-07-08,Free,1-10,Government,India,True
USR_1404,2025-04-27,Basic,11-50,Healthcare,India,True
USR_1405,2025-07-01,Basic,51-200,Government,India,True
USR_1406,2025-06-05,Free,11-50,Healthcare,USA,True
USR_1407,2024-06-06,Free,1-10,Consulting Firm,France,True
USR_1408,2024-07-26,Free,51-200,Consulting Firm,France,True
USR_1409,2025-06-06,Pro,1000+,Marketing Agency,UK,True
USR_1410,2024-04-24,Free,1-10,Consulting Firm,USA,False
USR_1411,2025-03-16,Basic,1-10,Consulting Firm,USA,True
USR_1412,2025-07-07,Free,51-200,Healthcare,USA,False
USR_1413,2025-07-05,Free,1-10,Government,USA,True
USR_1414,2025-07-19,Pro,11-50,Government,USA,True
USR_1415,2025-02-04,Free,1-10,Education,USA,True
USR_1416,2025-07-07,Basic,1-10,Education,USA,False
USR_1417,2025-08-16,Basic,51-200,Tech Startup,USA,True
USR_1418,2025-07-03,Free,1-10,Financial Services,Brazil,False
USR_1419,2025-01-12,Free,1-10,Consulting Firm,USA,True
USR_1420,2025-01-11,Pro,1-10,Manufacturing,USA,True
USR_1421,2025-08-04,Basic,1000+,Education,Canada,True
USR_1422,2025-07-01,Basic,11-50,Healthcare,France,False
USR_1423,2025-03-12,Free,51-200,Marketing Agency,France,True
USR_1424,2025-05-21,Basic,11-50,Healthcare,Germany,False
USR_1425,2024-11-23,Pro,1000+,Marketing Agency,USA,True
USR_1426,2023-09-07,Free,1-10,Manufacturing,Germany,False
USR_1427,2025-08-21,Free,51-200,Consulting Firm,USA,True
USR_1428,2025-06-16,Basic,51-200,Education,India,True
USR_1429,2025-08-11,Pro,11-50,Government,UK,True
USR_1430,2025-06-07,Free,11-50,Non-profit,USA,True
USR_1431,2024-11-11,Pro,1-10,Government,France,False
USR_1432,2025-05-23,Basic,51-200,Financial Services,USA,False
USR_1433,2024-10-10,Basic,11-50,Marketing Agency,USA,True
USR_1434,2025-05-12,Basic,1-10,Healthcare,USA,True
USR_1435,2025-08-02,Free,11-50,Consulting Firm,Germany,False
USR_1436,2025-03-06,Pro,201-1000,Manufacturing,Canada,True
USR_1437,2025-08-03,Free,1-10,Non-profit,France,True
USR_1438,2025-05-24,Free,51-200,Financial Services,India,False
USR_1439,2025-05-17,Pro,11-50,Healthcare,UK,False
USR_1440,2025-05-18,Pro,11-50,Marketing Agency,Germany,True
USR_1441,2025-08-05,Free,1-10,Government,Japan,False
USR_1442,2024-11-10,Free,11-50,Healthcare,India,True
USR_1443,2024-09-27,Basic,1-10,Education,USA,False
USR_1444,2025-05-15,Basic,1000+,Financial Services,USA,True
USR_1445,2025-05-21,Basic,51-200,Education,Japan,False
USR_1446,2025-05-22,Free,11-50,Non-profit,Australia,True
USR_1447,2025-06-10,Free,1-10,Consulting Firm,USA,True
USR_1448,2025-06-28,Basic,1-10,Tech Startup,USA,True
USR_1449,2023-11-08,Free,11-50,Consulting Firm,Brazil,False
USR_1450,2023-12-18,Pro,1-10,E-commerce,Germany,True
USR_1451,2024-09-19,Enterprise,11-50,Government,India,False
USR_1452,2025-06-19,Pro,201-1000,Healthcare,USA,True
USR_1453,2025-06-12,Basic,1000+,Consulting Firm,UK,True
USR_1454,2025-08-28,Pro,11-50,Non-profit,USA,True
USR_1455,2025-07-16,Free,1-10,Government,USA,True
USR_1456,2023-09-07,Free,1-10,Education,Germany,True
USR_1457,2024-09-14,Enterprise,1-10,Consulting Firm,USA,True
USR_1458,2025-02-19,Free,51-200,Non-profit,UK,True
USR_1459,2025-03-31,Free,1000+,Tech Startup,Australia,True
USR_1460,2025-08-15,Basic,11-50,Non-profit,Brazil,True
USR_1461,2025-07-29,Pro,1-10,Manufacturing,France,False
USR_1462,2025-04-22,Basic,1000+,Healthcare,UK,True
USR_1463,2025-07-05,Free,1-10,Marketing Agency,USA,True
USR_1464,2024-07-04,Pro,51-200,Education,France,True
USR_1465,2024-02-21,Free,1-10,Non-profit,Canada,True
USR_1466,2025-08-31,Free,51-200,Non-profit,USA,True
USR_1467,2024-11-11,Free,11-50,Tech Startup,Japan,False
USR_1468,2025-04-13,Free,11-50,Consulting Firm,USA,True
USR_1469,2023-12-01,Free,51-200,Tech Startup,Germany,False
USR_1470,2025-07-07,Free,51-200,Financial Services,India,True
USR_1471,2025-08-08,Basic,11-50,Consulting Firm,UK,False
USR_1472,2025-05-21,Basic,1-10,Education,USA,True
USR_1473,2025-02-03,Basic,11-50,Healthcare,Germany,False
USR_1474,2025-09-03,Basic,51-200,Non-profit,USA,True
USR_1475,2025-07-08,Enterprise,51-200,Tech Startup,Germany,True
USR_1476,2024-11-17,Basic,11-50,Education,India,False
USR_1477,2024-10-05,Free,1000+,Tech Startup,Canada,True
USR_1478,2025-02-13,Free,11-50,Manufacturing,India,True
USR_1479,2024-07-23,Basic,201-1000,Manufacturing,USA,True
USR_1480,2025-06-30,Free,1000+,Non-profit,Canada,True
USR_1481,2025-07-12,Pro,1-10,Healthcare,USA,True
USR_1482,2025-08-26,Free,51-200,Non-profit,USA,True
USR_1483,2024-11-16,Free,51-200,Non-profit,UK,True
USR_1484,2024-10-03,Free,11-50,Healthcare,USA,True
USR_1485,2025-06-05,Free,11-50,Government,India,True
USR_1486,2025-05-21,Basic,51-200,Non-profit,UK,True
USR_1487,2025-06-15,Free,11-50,Marketing Agency,USA,True
USR_1488,2024-03-15,Enterprise,1-10,Healthcare,USA,False
USR_1489,2025-04-02,Enterprise,11-50,Marketing Agency,India,True
USR_1490,2025-07-14,Basic,11-50,Government,USA,True
USR_1491,2025-06-03,Free,51-200,Consulting Firm,Brazil,True
USR_1492,2024-08-10,Free,11-50,Healthcare,UK,True
USR_1493,2025-05-06,Free,201-1000,Tech Startup,France,True
USR_1494,2025-07-29,Basic,1-10,Marketing Agency,Canada,True
USR_1495,2025-04-21,Free,1-10,Marketing Agency,UK,True
USR_1496,2025-08-31,Basic,11-50,Government,USA,True
USR_1497,2025-02-27,Free,1-10,Government,USA,True
USR_1498,2025-07-25,Free,11-50,Government,Germany,True
USR_1499,2025-06-07,Pro,1000+,Tech Startup,USA,True
USR_1500,2025-06-30,Free,1-10,Marketing Agency,UK,True
